cis,cip13,code_statut,libelle_statut,statut,date_debut,date_maj,date_remise,lien,denomination,titulaire,est_mitm,code_atc
60016589,,4,Remise à disposition,remise_a_disposition,2026-07-15,2026-07-16,2026-07-15,https://ansm.sante.fr/disponibilites-des-produits-de-sante/medicaments/levocarnitine-1-g-5-ml-solution-injectable-en-ampoule-levocarnitine,"LEVOCARNIL 1 g/5 ml, solution injectable en ampoule",ALFASIGMA FRANCE,1,A16AA01
60033510,,4,Remise à disposition,remise_a_disposition,2026-05-07,2026-05-19,2026-05-07,https://ansm.sante.fr/disponibilites-des-produits-de-sante/medicaments/vancomycine-viatris-125-mg-poudre-pour-solution-a-diluer-pour-perfusion-vancomycine-chlorhydrate-de,"VANCOMYCINE VIATRIS 125 mg, poudre pour solution à diluer pour perfusion",VIATRIS SANTE,1,J01XA01
60047182,,4,Remise à disposition,remise_a_disposition,2026-10-02,2026-10-02,2026-10-02,https://ansm.sante.fr/disponibilites-des-produits-de-sante/medicaments/concerta-lp-comprime-a-liberation-prolongee-methylphenidate-chlorhydrate-de,"CONCERTA LP 54 mg, comprimé à libération prolongée",JANSSEN CILAG,1,N06BA04
60075192,,2,Tension d'approvisionnement,tension,2025-03-20,2026-04-13,,https://ansm.sante.fr/disponibilites-des-produits-de-sante/medicaments/specialites-a-base-de-venlafaxine-lp-37-5-mg-et-lp-75-mg-en-gelule-a-liberation-prolongee-venlafaxine,"VENLAFAXINE ARROW LP 37,5 mg, gélule à libération prolongée",ARROW GENERIQUES,0,
60078765,,2,Tension d'approvisionnement,tension,2024-09-16,2025-05-27,,https://ansm.sante.fr/disponibilites-des-produits-de-sante/medicaments/quetiapine-lp-xeroquel-lp-50-mg-300-mg-et-400-mg-comprime-a-liberation-prolongee-quetiapine-fumarate-de,"QUETIAPINE ACCORD HEALTHCARE LP 400 mg, comprimé à libération prolongée",ACCORD HEALTHCARE FRANCE,1,N05AH04
60093639,,2,Tension d'approvisionnement,tension,2024-09-25,2024-10-01,,https://ansm.sante.fr/disponibilites-des-produits-de-sante/medicaments/ropinirole-lp-2-mg-4-mg-et-8-mg-comprime-pellicule-ropinirole-chlorhydrate-de,"ROPINIROLE BIOGARAN LP 8 mg, comprimé pelliculé à libération prolongée",BIOGARAN,1,N04BC04
60120488,,2,Tension d'approvisionnement,tension,2026-10-01,2026-09-18,,https://ansm.sante.fr/disponibilites-des-produits-de-sante/medicaments/duloxetine-30-mg-et-60-mg-gelules-gastro-resistantes-duloxetine-chlorhydrate-de,,,0,
60124999,,2,Tension d'approvisionnement,tension,2024-09-12,2025-03-27,,https://ansm.sante.fr/disponibilites-des-produits-de-sante/medicaments/clopidogrel-75-mg-comprime-pellicule-clopidogrel-hydrogenosulfate-de,"CLOPIDOGREL ZF 75 mg, comprimé pelliculé",ZYDUS FRANCE,1,B01AC04
60144464,,2,Tension d'approvisionnement,tension,2024-09-25,2024-10-01,,https://ansm.sante.fr/disponibilites-des-produits-de-sante/medicaments/ropinirole-lp-2-mg-4-mg-et-8-mg-comprime-pellicule-ropinirole-chlorhydrate-de,"ROPINIROLE ARROW LP 4 mg, comprimé pelliculé à libération prolongée",ARROW GENERIQUES,1,N04BC04
60168515,,2,Tension d'approvisionnement,tension,2025-05-01,2025-10-28,,https://ansm.sante.fr/disponibilites-des-produits-de-sante/medicaments/gamme-neorecormon-solution-injectable-en-seringue-preremplie-epoetine-beta,"NEORECORMON 30 000 UI, solution injectable en seringue préremplie",ROCHE REGISTRATION (ALLEMAGNE),1,B03XA01
60192594,,2,Tension d'approvisionnement,tension,2026-09-01,2026-09-28,,https://ansm.sante.fr/disponibilites-des-produits-de-sante/medicaments/specialites-a-base-de-furosemide-20-mg-et-40-mg-en-comprimes-furosemide,"FUROSEMIDE ARROW 40 mg, comprimé sécable",ARROW GENERIQUES,1,C03CA01
60232334,,4,Remise à disposition,remise_a_disposition,2026-05-12,2026-05-12,2026-05-12,https://ansm.sante.fr/disponibilites-des-produits-de-sante/medicaments/cyanokit-5-g-poudre-pour-solution-pour-perfusion-hydroxocobalamine,"CYANOKIT 5 g, poudre pour solution pour perfusion",SERB (BELGIQUE),1,V03AB33
60234214,,2,Tension d'approvisionnement,tension,2025-03-20,2026-04-13,,https://ansm.sante.fr/disponibilites-des-produits-de-sante/medicaments/specialites-a-base-de-venlafaxine-lp-37-5-mg-et-lp-75-mg-en-gelule-a-liberation-prolongee-venlafaxine,"VENLAFAXINE EVOLUGEN PHARMA LP 37,5 mg, gélule à libération prolongée",EVOLUPHARM,1,N06AX16
60245890,,2,Tension d'approvisionnement,tension,2026-10-07,2026-09-18,,https://ansm.sante.fr/disponibilites-des-produits-de-sante/medicaments/duloxetine-30-mg-et-60-mg-gelules-gastro-resistantes-duloxetine-chlorhydrate-de,,,0,
60270114,,1,Rupture de stock,rupture,2026-06-25,2026-07-08,,https://ansm.sante.fr/disponibilites-des-produits-de-sante/medicaments/oracilline-250-000-ui-5-ml-suspension-buvable-benzathine-phenoxymethylpenicilline,"ORACILLINE 250 000 UI/5 ml, suspension buvable",TEOFARMA,1,J01CE10
60274618,,2,Tension d'approvisionnement,tension,2024-09-25,2024-10-01,,https://ansm.sante.fr/disponibilites-des-produits-de-sante/medicaments/ropinirole-lp-2-mg-4-mg-et-8-mg-comprime-pellicule-ropinirole-chlorhydrate-de,"ROPINIROLE EG LP 8 mg, comprimé pelliculé à libération prolongée",EG LABO - LABORATOIRES EUROGENERICS,1,N04BC04
60284142,,2,Tension d'approvisionnement,tension,2025-08-13,2026-03-04,,https://ansm.sante.fr/disponibilites-des-produits-de-sante/medicaments/piperacilline-panpharma-4-g-poudre-pour-solution-injectable-i-m-i-v-piperacilline-sodique,"PIPERACILLINE PANPHARMA 4 g, poudre pour solution injectable (I.M., I.V.)",PANPHARMA,1,J01CA12
60287277,,2,Tension d'approvisionnement,tension,2026-10-06,2026-09-18,,https://ansm.sante.fr/disponibilites-des-produits-de-sante/medicaments/duloxetine-30-mg-et-60-mg-gelules-gastro-resistantes-duloxetine-chlorhydrate-de,"DULOXETINE ZENTIVA 60 mg, gélule gastro-résistante",ZENTIVA (REPUBLIQUE TCHEQUE),1,N06AX21
60299831,,2,Tension d'approvisionnement,tension,2026-09-27,2026-09-18,,https://ansm.sante.fr/disponibilites-des-produits-de-sante/medicaments/duloxetine-30-mg-et-60-mg-gelules-gastro-resistantes-duloxetine-chlorhydrate-de,"DULOXETINE ALMUS 60 mg, gélule gastro-résistante",ALMUS FRANCE,1,N06AX21
60310808,,1,Rupture de stock,rupture,2024-12-20,2025-01-14,,https://ansm.sante.fr/disponibilites-des-produits-de-sante/medicaments/pomalidomide-viatris-1-2-3-et-4-mg-gelule-pomalidomide,"POMALIDOMIDE VIATRIS 3 mg, gélule",VIATRIS (IRLANDE),0,
60338857,,2,Tension d'approvisionnement,tension,2026-09-02,2026-09-04,,https://ansm.sante.fr/disponibilites-des-produits-de-sante/medicaments/specialites-a-base-de-fluoxetine-20-mg-en-gelule-et-en-comprime-dispersible-secable-fluoxetine,"FLUOXETINE BIOGARAN 20 mg, comprimé dispersible sécable",BIOGARAN,1,N06AB03
60340413,,2,Tension d'approvisionnement,tension,2022-08-17,2024-12-06,,https://ansm.sante.fr/disponibilites-des-produits-de-sante/medicaments/cinacalcet-30-mg-60-mg-et-90-mg-comprime-pellicule-cinacalcet-chlorhydrate-de,"CINACALCET EG 30 mg, comprimé pelliculé",EG LABO - LABORATOIRES EUROGENERICS,1,H05BX01
60354021,,2,Tension d'approvisionnement,tension,2026-09-30,2026-09-18,,https://ansm.sante.fr/disponibilites-des-produits-de-sante/medicaments/duloxetine-30-mg-et-60-mg-gelules-gastro-resistantes-duloxetine-chlorhydrate-de,,,0,
60368099,,2,Tension d'approvisionnement,tension,2026-08-13,2026-08-25,,https://ansm.sante.fr/disponibilites-des-produits-de-sante/medicaments/oncovin-1-mg-solution-injectable-vincristine-sulfate-de,"ONCOVIN 1 mg, solution injectable",EG LABO - LABORATOIRES EUROGENERICS,1,L01CA02
60374821,,2,Tension d'approvisionnement,tension,2026-09-17,2026-09-30,,https://ansm.sante.fr/disponibilites-des-produits-de-sante/medicaments/mytelase-10-mg-comprime-chlorure-dambenonium,"MYTELASE 10 mg, comprimé",NEURAXPHARM FRANCE,1,N07AA30
60401186,,4,Remise à disposition,remise_a_disposition,2026-03-26,2026-03-26,2026-03-26,https://ansm.sante.fr/disponibilites-des-produits-de-sante/medicaments/lenalidomide-mylan-gelule-lenalidomide,"LENALIDOMIDE MYLAN 2,5 mg, gélule",MYLAN PHARMACEUTICALS (IRLANDE),1,L04AX04
60423791,,2,Tension d'approvisionnement,tension,2026-01-16,2026-08-26,,https://ansm.sante.fr/disponibilites-des-produits-de-sante/medicaments/vitamine-b12-delagrange-1000-ug-2-ml-solution-injectable-im-et-buvable-cyanocobalamine,"VITAMINE B12 DELAGRANGE 1000 microgrammes/2 ml, solution injectable (IM) et buvable",ZENTIVA FRANCE,1,B03BA01
60447461,,4,Remise à disposition,remise_a_disposition,2026-05-29,2026-06-16,2026-05-29,https://ansm.sante.fr/disponibilites-des-produits-de-sante/medicaments/norcholesterol-iode-131i-cis-bio-international-7-5-a-15-mbq-ml-solution-injectable-reference-norchol-131-6-iodomethylnorcholesterol-131-i,"NORCHOLESTEROL IODE [131I] CIS BIO INTERNATIONAL 7,5 à 15 MBq/mL solution injectable [Référence: NORCHOL-131]",CIS BIO INTERNATIONAL,1,V09XA01
60457719,,2,Tension d'approvisionnement,tension,2026-09-17,2026-09-18,,https://ansm.sante.fr/disponibilites-des-produits-de-sante/medicaments/duloxetine-30-mg-et-60-mg-gelules-gastro-resistantes-duloxetine-chlorhydrate-de,"DULOXETINE ACCORD 30 mg, gélule gastro-résistante",ACCORD HEALTHCARE FRANCE,1,N06AX21
60476979,,2,Tension d'approvisionnement,tension,2024-04-28,2024-07-01,,https://ansm.sante.fr/disponibilites-des-produits-de-sante/medicaments/atropine-0-5-collyre-atropine-sulfate,"ATROPINE ALCON 0,5 POUR CENT, collyre",LABORATOIRES ALCON,1,S01FA01
60490893,,2,Tension d'approvisionnement,tension,2024-09-16,2025-05-27,,https://ansm.sante.fr/disponibilites-des-produits-de-sante/medicaments/quetiapine-lp-xeroquel-lp-50-mg-300-mg-et-400-mg-comprime-a-liberation-prolongee-quetiapine-fumarate-de,"QUETIAPINE EG LP 50 mg, comprimé à libération prolongée",EG LABO - LABORATOIRES EUROGENERICS,1,N05AH04
60495132,3400930282267,2,Tension d'approvisionnement,tension,2024-03-18,2024-06-18,,https://ansm.sante.fr/disponibilites-des-produits-de-sante/medicaments/iomeron-150-250-300-350-et-400-mg-iode-ml-solution-injectable-en-100-150-200-250-et-500-ml-iomeprol,"IOMERON 400 (400 mg Iode/mL), solution injectable",BRACCO IMAGING FRANCE,1,V08AB10
60495132,3400933795146,2,Tension d'approvisionnement,tension,2024-03-18,2024-06-18,,https://ansm.sante.fr/disponibilites-des-produits-de-sante/medicaments/iomeron-150-250-300-350-et-400-mg-iode-ml-solution-injectable-en-100-150-200-250-et-500-ml-iomeprol,"IOMERON 400 (400 mg Iode/mL), solution injectable",BRACCO IMAGING FRANCE,1,V08AB10
60495132,3400933795375,2,Tension d'approvisionnement,tension,2024-03-18,2024-06-18,,https://ansm.sante.fr/disponibilites-des-produits-de-sante/medicaments/iomeron-150-250-300-350-et-400-mg-iode-ml-solution-injectable-en-100-150-200-250-et-500-ml-iomeprol,"IOMERON 400 (400 mg Iode/mL), solution injectable",BRACCO IMAGING FRANCE,1,V08AB10
60495132,3400933795665,2,Tension d'approvisionnement,tension,2024-03-18,2024-06-18,,https://ansm.sante.fr/disponibilites-des-produits-de-sante/medicaments/iomeron-150-250-300-350-et-400-mg-iode-ml-solution-injectable-en-100-150-200-250-et-500-ml-iomeprol,"IOMERON 400 (400 mg Iode/mL), solution injectable",BRACCO IMAGING FRANCE,1,V08AB10
60516982,3400939316963,4,Remise à disposition,remise_a_disposition,2026-09-17,2026-09-22,2026-09-17,https://ansm.sante.fr/disponibilites-des-produits-de-sante/medicaments/tarka-lp-240-mg-4-mg-comprime-pellicule-a-liberation-prolongee-boite-de-30-comprimes-trandolapril-verapamil-chlorhydrate-de,"TARKA LP 240 mg/4 mg, comprimé pelliculé à libération prolongée",VIATRIS MEDICAL,1,C09BB10
60516982,3400939317106,2,Tension d'approvisionnement,tension,2026-05-29,2026-06-04,,https://ansm.sante.fr/disponibilites-des-produits-de-sante/medicaments/tarka-lp-240-mg-4-mg-comprime-pellicule-a-liberation-prolongee-boite-de-90-comprimes-trandolapril-verapamil-chlorhydrate-de,"TARKA LP 240 mg/4 mg, comprimé pelliculé à libération prolongée",VIATRIS MEDICAL,1,C09BB10
60526880,,2,Tension d'approvisionnement,tension,2023-10-06,2023-07-17,,https://ansm.sante.fr/disponibilites-des-produits-de-sante/medicaments/specialites-a-base-de-roxithromycine-150-mg-comprime-pellicule-roxithromycine,"ROXITHROMYCINE TEVA 150 mg, comprimé pelliculé",TEVA SANTE,1,J01FA06
60535915,,4,Remise à disposition,remise_a_disposition,2026-03-26,2026-03-26,2026-03-26,https://ansm.sante.fr/disponibilites-des-produits-de-sante/medicaments/lenalidomide-mylan-gelule-lenalidomide,"LENALIDOMIDE MYLAN 20 mg, gélule",MYLAN PHARMACEUTICALS (IRLANDE),1,L04AX04
60565723,,4,Remise à disposition,remise_a_disposition,2026-08-24,2026-08-24,2026-08-24,https://ansm.sante.fr/disponibilites-des-produits-de-sante/medicaments/tobi-podhaler-28-mg-poudre-pour-inhalation-en-gelule-tobramycine,"TOBI PODHALER 28 mg, poudre pour inhalation en gélule",VIATRIS HEALTHCARE (IRLANDE),1,J01GB01
60570108,,2,Tension d'approvisionnement,tension,2024-07-03,2024-12-03,,https://ansm.sante.fr/disponibilites-des-produits-de-sante/medicaments/praluent-75-mg-150-mg-et-300-mg-solution-injectable-en-stylo-pre-rempli-alirocumab-mammifere-hamster-cellules-cho,"PRALUENT 75 mg, solution injectable en stylo prérempli",SANOFI WINTHROP INDUSTRIE,1,C10AX14
60574505,,2,Tension d'approvisionnement,tension,2024-11-02,2024-12-04,,https://ansm.sante.fr/disponibilites-des-produits-de-sante/medicaments/specialites-a-base-daprepitant-125-mg-80-mg-et-125-mg-80-mg-gelules-aprepitant,"EMEND 125 mg, gélule",MERCK SHARP & DOHME (PAYS-BAS),1,A04AD12
60589496,,2,Tension d'approvisionnement,tension,2026-03-23,2026-09-30,,https://ansm.sante.fr/disponibilites-des-produits-de-sante/medicaments/atgam-50-mg-ml-solution-a-diluer-pour-perfusion-immunoglobuline-equine-anti-lymphocyte-t-humain,"ATGAM 50 mg/mL, solution à diluer pour perfusion",PFIZER HOLDING FRANCE,1,L04AA03
60591814,,1,Rupture de stock,rupture,2025-05-12,2026-01-07,,https://ansm.sante.fr/disponibilites-des-produits-de-sante/medicaments/risperidone-l-p-25-mg-2-ml-37-5-mg-2-ml-et-50-mg-2-ml-poudre-et-solvant-pour-suspension-injectable-a-liberation-prolongee-en-seringue-preremplie-risperidone,"RISPERIDONE TEVA L.P. 50 mg/2 mL, poudre et solvant pour suspension injectable à libération prolongée en seringue préremplie",TEVA SANTE,1,N05AX08
60605064,,2,Tension d'approvisionnement,tension,2025-02-04,2026-06-16,,https://ansm.sante.fr/disponibilites-des-produits-de-sante/medicaments/risperidone-0-5-mg-1-mg-2-mg-et-4-mg-comprime-orodispersible-risperidone,"RISPERIDONE VIATRIS 1 mg, comprimé orodispersible",VIATRIS SANTE,1,N05AX08
60616687,,2,Tension d'approvisionnement,tension,2021-04-01,2025-12-08,,https://ansm.sante.fr/disponibilites-des-produits-de-sante/medicaments/immunoglobuline-humaine-normale-iv-et-sc-a-base-de-immunoglobuline-humaine-normale-igg,"PANZYGA 100 mg/mL, solution pour perfusion",OCTAPHARMA FRANCE,0,
60621264,,4,Remise à disposition,remise_a_disposition,2026-08-19,2026-08-31,2026-08-19,https://ansm.sante.fr/disponibilites-des-produits-de-sante/medicaments/prostine-e2-1-mg-3-g-gel-vaginal-dinoprostone,"PROSTINE E2 1 mg/3 g, gel vaginal",PFIZER HOLDING FRANCE,1,G02AD02
60622868,,4,Remise à disposition,remise_a_disposition,2026-09-15,2026-09-15,2026-09-15,https://ansm.sante.fr/disponibilites-des-produits-de-sante/medicaments/alepsal-comprime-cafeine-phenobarbital,"ALEPSAL 50 mg, comprimé",TEOFARMA,0,
60623831,,2,Tension d'approvisionnement,tension,2024-09-25,2024-10-01,,https://ansm.sante.fr/disponibilites-des-produits-de-sante/medicaments/ropinirole-lp-2-mg-4-mg-et-8-mg-comprime-pellicule-ropinirole-chlorhydrate-de,"ROPINIROLE EG LP 2 mg, comprimé pelliculé à libération prolongée",EG LABO - LABORATOIRES EUROGENERICS,1,N04BC04
60624171,,2,Tension d'approvisionnement,tension,2024-09-16,2025-05-27,,https://ansm.sante.fr/disponibilites-des-produits-de-sante/medicaments/quetiapine-lp-xeroquel-lp-50-mg-300-mg-et-400-mg-comprime-a-liberation-prolongee-quetiapine-fumarate-de,"QUETIAPINE EG LP 300 mg, comprimé à libération prolongée",EG LABO - LABORATOIRES EUROGENERICS,1,N05AH04
60649235,,2,Tension d'approvisionnement,tension,2024-09-16,2025-05-27,,https://ansm.sante.fr/disponibilites-des-produits-de-sante/medicaments/quetiapine-lp-xeroquel-lp-50-mg-300-mg-et-400-mg-comprime-a-liberation-prolongee-quetiapine-fumarate-de,"QUETIAPINE CRISTERS LP 300 mg, comprimé à libération prolongée",CRISTERS,1,N05AH04
60666074,,2,Tension d'approvisionnement,tension,2022-08-08,2026-09-08,,https://ansm.sante.fr/disponibilites-des-produits-de-sante/medicaments/folinate-de-calcium-10-mg-ml-solution-injectable-pour-perfusion-folinate-et-levofolinate-de-calcium,"FOLINATE DE CALCIUM AGUETTANT 100 mg, poudre pour solution injectable",AGUETTANT,0,
60681934,,2,Tension d'approvisionnement,tension,2026-09-02,2026-09-04,,https://ansm.sante.fr/disponibilites-des-produits-de-sante/medicaments/specialites-a-base-de-fluoxetine-20-mg-en-gelule-et-en-comprime-dispersible-secable-fluoxetine,"FLUOXETINE TEVA 20 mg, gélule",TEVA SANTE,1,N06AB03
60700320,,3,Arrêt de commercialisation,arret_commercialisation,2021-04-01,2024-10-31,,https://ansm.sante.fr/disponibilites-des-produits-de-sante/medicaments/ribarivine-biogaran-200-mg-400-mg-comprime-pellicule-ribavirine,,,0,
60713079,,2,Tension d'approvisionnement,tension,2024-07-18,2026-10-02,,https://ansm.sante.fr/disponibilites-des-produits-de-sante/medicaments/xeplion-suspension-injectable-a-liberation-prolongee-paliperidone,"XEPLION 75 mg, suspension injectable à libération prolongée",JANSSEN CILAG INTERNATIONAL NV,1,N05AX13
60716659,,2,Tension d'approvisionnement,tension,2026-08-25,2026-08-25,,https://ansm.sante.fr/disponibilites-des-produits-de-sante/medicaments/vitamine-e-provepharm-100-mg-2-ml-solution-injectable-acetate-dalpha-tocopherol,"VITAMINE E PROVEPHARM 100 mg/2 ml, solution injectable",PROVEPHARM,1,A11HA03
60716890,,2,Tension d'approvisionnement,tension,2024-09-25,2024-10-01,,https://ansm.sante.fr/disponibilites-des-produits-de-sante/medicaments/ropinirole-lp-2-mg-4-mg-et-8-mg-comprime-pellicule-ropinirole-chlorhydrate-de,"ROPINIROLE EG LP 4 mg, comprimé pelliculé à libération prolongée",EG LABO - LABORATOIRES EUROGENERICS,1,N04BC04
60730566,,2,Tension d'approvisionnement,tension,2021-04-01,2025-12-08,,https://ansm.sante.fr/disponibilites-des-produits-de-sante/medicaments/immunoglobuline-humaine-normale-iv-et-sc-a-base-de-immunoglobuline-humaine-normale-igg,"CLAIRYG 50 mg/mL, solution pour perfusion",LFB-BIOMEDICAMENTS,1,J06BA02
60756917,,4,Remise à disposition,remise_a_disposition,2026-10-02,2026-10-02,2026-10-02,https://ansm.sante.fr/disponibilites-des-produits-de-sante/medicaments/concerta-lp-comprime-a-liberation-prolongee-methylphenidate-chlorhydrate-de,"CONCERTA LP 18 mg, comprimé à libération prolongée",JANSSEN CILAG,1,N06BA04
60767155,,2,Tension d'approvisionnement,tension,2025-03-20,2026-04-13,,https://ansm.sante.fr/disponibilites-des-produits-de-sante/medicaments/specialites-a-base-de-venlafaxine-lp-37-5-mg-et-lp-75-mg-en-gelule-a-liberation-prolongee-venlafaxine,"VENLAFAXINE ZYDUS FRANCE LP 37,5 mg, gélule à libération prolongée",ZYDUS FRANCE,1,N06AX16
60797287,,2,Tension d'approvisionnement,tension,2026-07-23,2026-09-18,,https://ansm.sante.fr/disponibilites-des-produits-de-sante/medicaments/depakote-500-mg-comprime-gastro-resistant-valproate-semisodique,"DEPAKOTE 500 mg, comprimé gastro-résistant",SANOFI WINTHROP INDUSTRIE,1,N05AX
60798791,,2,Tension d'approvisionnement,tension,2024-09-16,2025-05-27,,https://ansm.sante.fr/disponibilites-des-produits-de-sante/medicaments/quetiapine-lp-xeroquel-lp-50-mg-300-mg-et-400-mg-comprime-a-liberation-prolongee-quetiapine-fumarate-de,"QUETIAPINE TEVA LP 300 mg, comprimé à libération prolongée",TEVA SANTE,1,N05AH04
60848874,,2,Tension d'approvisionnement,tension,2026-09-02,2026-09-04,,https://ansm.sante.fr/disponibilites-des-produits-de-sante/medicaments/specialites-a-base-de-fluoxetine-20-mg-en-gelule-et-en-comprime-dispersible-secable-fluoxetine,"FLUOXETINE SANDOZ 20 mg, gélule",SANDOZ,1,N06AB03
60852495,,2,Tension d'approvisionnement,tension,2026-08-21,2026-08-25,,https://ansm.sante.fr/disponibilites-des-produits-de-sante/medicaments/calciparine-sous-cutanee-20-000-ui-0-8-ml-solution-injectable-heparine-calcique,"CALCIPARINE SOUS CUTANEE 20 000 UI/0,8 mL, solution injectable",CHEPLAPHARM ARZNEIMITTEL (ALLEMAGNE),1,B01AB01
60890617,,2,Tension d'approvisionnement,tension,2026-09-20,2026-09-18,,https://ansm.sante.fr/disponibilites-des-produits-de-sante/medicaments/duloxetine-30-mg-et-60-mg-gelules-gastro-resistantes-duloxetine-chlorhydrate-de,"DULOXETINE VIATRIS SANTE 30 mg, gélule gastro-résistante",VIATRIS SANTE,1,N06AX21
60895831,,1,Rupture de stock,rupture,2025-08-17,2026-09-23,,https://ansm.sante.fr/disponibilites-des-produits-de-sante/medicaments/voltarenophtabak-1-mg-ml-collyre-en-solution-et-voltarenophta-0-1-pour-cent-0-3-mg-0-3-ml-collyre-en-solution-en-recipient-unidose-diclofenac-sodique,"VOLTARENOPHTABAK 1 mg/ml, collyre en solution",THEA,1,S01BC03
60921824,,4,Remise à disposition,remise_a_disposition,2026-10-01,2026-10-01,2026-10-01,https://ansm.sante.fr/disponibilites-des-produits-de-sante/medicaments/indocollyre-0-1-collyre-en-solution-indometacine,"INDOCOLLYRE 0,1 %, collyre en solution",LABORATOIRE CHAUVIN,1,S01BC01
60929447,,4,Remise à disposition,remise_a_disposition,2026-08-17,2026-08-17,2026-08-17,https://ansm.sante.fr/disponibilites-des-produits-de-sante/medicaments/mynocine-100-mg-gelule-minocycline-chlorhydrate-de,"MYNOCINE 100 mg, gélule",LABORATOIRE XO,1,J01AA08
60945985,,1,Rupture de stock,rupture,2024-12-20,2025-01-14,,https://ansm.sante.fr/disponibilites-des-produits-de-sante/medicaments/pomalidomide-viatris-1-2-3-et-4-mg-gelule-pomalidomide,"POMALIDOMIDE VIATRIS 4 mg, gélule",VIATRIS (IRLANDE),0,
60966449,,2,Tension d'approvisionnement,tension,2026-07-24,2026-08-07,,https://ansm.sante.fr/disponibilites-des-produits-de-sante/medicaments/repatha-140-mg-solution-injectable-en-stylo-prerempli-evolocumab,"REPATHA 140 mg, solution injectable en stylo prérempli",AMGEN EUROPE,1,C10AX13
60985570,,2,Tension d'approvisionnement,tension,2024-09-16,2025-05-27,,https://ansm.sante.fr/disponibilites-des-produits-de-sante/medicaments/quetiapine-lp-xeroquel-lp-50-mg-300-mg-et-400-mg-comprime-a-liberation-prolongee-quetiapine-fumarate-de,"QUETIAPINE KRKA LP 300 mg, comprimé à libération prolongée",KRKA (SLOVENIE),1,N05AH04
60990208,,2,Tension d'approvisionnement,tension,2023-10-06,2023-02-01,,https://ansm.sante.fr/disponibilites-des-produits-de-sante/medicaments/montelukast-comprime-5-mg-et-10-mg-montelukast-sodique,"MONTELUKAST KRKA 5 mg, comprimé à croquer",KRKA (SLOVENIE),1,R03DC03
60990496,,4,Remise à disposition,remise_a_disposition,2026-04-17,2026-04-17,2026-04-17,https://ansm.sante.fr/disponibilites-des-produits-de-sante/medicaments/ogivri-150-mg-poudre-pour-solution-a-diluer-pour-perfusion-trastuzumab,"OGIVRI 150 mg, poudre pour solution à diluer pour perfusion",BIOSIMILAR COLLABORATIONS IRELAND (IRLANDE),1,L01FD01
60996403,,1,Rupture de stock,rupture,2024-09-09,2026-05-06,,https://ansm.sante.fr/disponibilites-des-produits-de-sante/medicaments/biltricide-600-mg-comprime-pellicule-quadrisecable-praziquantel,"BILTRICIDE 600 mg, comprimé pelliculé quadrisécable",BAYER HEALTHCARE,1,P02BA01
60998977,,3,Arrêt de commercialisation,arret_commercialisation,2025-09-30,2025-11-07,,https://ansm.sante.fr/disponibilites-des-produits-de-sante/medicaments/tildiem-100-mg-poudre-pour-solution-injectable-iv-diltiazem-chlorhydrate-de,"TILDIEM 100 mg, poudre pour solution injectable (IV)",SANOFI WINTHROP INDUSTRIE,0,
61001686,,2,Tension d'approvisionnement,tension,2026-09-01,2026-09-07,,https://ansm.sante.fr/disponibilites-des-produits-de-sante/medicaments/atropine-1-faure-collyre-en-solution-en-recipient-unidose-atropine-sulfate-d,"ATROPINE 1 POUR CENT FAURE, collyre en solution en récipient unidose",EUROPHTA,0,
61017701,,2,Tension d'approvisionnement,tension,2024-09-16,2025-05-27,,https://ansm.sante.fr/disponibilites-des-produits-de-sante/medicaments/quetiapine-lp-xeroquel-lp-50-mg-300-mg-et-400-mg-comprime-a-liberation-prolongee-quetiapine-fumarate-de,"QUETIAPINE EVOLUGEN LP 50 mg, comprimé à libération prolongée",EVOLUPHARM,1,N05AH04
61042206,,2,Tension d'approvisionnement,tension,2023-10-06,2023-07-17,,https://ansm.sante.fr/disponibilites-des-produits-de-sante/medicaments/specialites-a-base-de-roxithromycine-150-mg-comprime-pellicule-roxithromycine,"ROXITHROMYCINE BIOGARAN 150 mg, comprimé pelliculé",BIOGARAN,1,J01FA06
61043653,,2,Tension d'approvisionnement,tension,2026-08-04,2026-08-20,,https://ansm.sante.fr/disponibilites-des-produits-de-sante/medicaments/lamictal-2-mg-comprime-dispersible-ou-a-croquer-lamotrigine,"LAMICTAL 2 mg, comprimé dispersible ou à croquer",GLAXOSMITHKLINE,1,N03AX09
61048077,,2,Tension d'approvisionnement,tension,2025-05-01,2025-10-28,,https://ansm.sante.fr/disponibilites-des-produits-de-sante/medicaments/gamme-neorecormon-solution-injectable-en-seringue-preremplie-epoetine-beta,"NEORECORMON 500 UI, solution injectable en seringue préremplie",ROCHE REGISTRATION (ALLEMAGNE),1,B03XA01
61062600,,2,Tension d'approvisionnement,tension,2026-06-10,2026-06-15,,https://ansm.sante.fr/disponibilites-des-produits-de-sante/medicaments/chibroxine-0-3-collyre-en-solution-norfloxacine,"CHIBROXINE 0,3 POUR CENT, collyre en solution",THEA,1,S01AE02
61065137,,2,Tension d'approvisionnement,tension,2025-08-13,2025-09-09,,https://ansm.sante.fr/disponibilites-des-produits-de-sante/medicaments/myozyme-50-mg-poudre-pour-solution-a-diluer-pour-perfusion-alglucosidase-alfa,"MYOZYME 50 mg, poudre pour solution à diluer pour perfusion",SANOFI (PAYS-BAS),1,A16AB07
61068069,,4,Remise à disposition,remise_a_disposition,2026-04-03,2026-04-03,2026-04-03,https://ansm.sante.fr/disponibilites-des-produits-de-sante/medicaments/zinnat-125-mg-5-ml-enfants-et-nourrissons-granules-pour-suspension-buvable-en-flacon-cefuroxime-axetil,"ZINNAT 125 mg/5 ml ENFANTS ET NOURRISSONS, granulés pour suspension buvable en flacon",SANDOZ,1,J01DC02
61070180,,2,Tension d'approvisionnement,tension,2024-11-02,2024-12-04,,https://ansm.sante.fr/disponibilites-des-produits-de-sante/medicaments/specialites-a-base-daprepitant-125-mg-80-mg-et-125-mg-80-mg-gelules-aprepitant,"APREPITANT EG 80 mg, gélule",EG LABO - LABORATOIRES EUROGENERICS,1,A04AD12
61081440,,2,Tension d'approvisionnement,tension,2022-08-17,2024-12-06,,https://ansm.sante.fr/disponibilites-des-produits-de-sante/medicaments/cinacalcet-30-mg-60-mg-et-90-mg-comprime-pellicule-cinacalcet-chlorhydrate-de,"CINACALCET TEVA 60 mg, comprimé pelliculé",TEVA SANTE,1,H05BX01
61095956,,2,Tension d'approvisionnement,tension,2026-07-20,2026-07-24,,https://ansm.sante.fr/disponibilites-des-produits-de-sante/medicaments/moviprep-poudre-pour-solution-buvable-acide-ascorbique-ascorbate-de-sodium-macrogol-3350-potassium-chlorure-de-sodium-chlorure-de-sodium-sulfate-de-anhydre,"MOVIPREP, poudre pour solution buvable",NORGINE (PAYS-BAS),1,A06AG20
61128000,,4,Remise à disposition,remise_a_disposition,2026-09-16,2026-09-16,2026-09-16,https://ansm.sante.fr/disponibilites-des-produits-de-sante/medicaments/trisenox-2-mg-ml-solution-a-diluer-pour-perfusion-arsenic-trioxyde-d,"TRISENOX 2 mg/mL, solution à diluer pour perfusion",TEVA (PAYS-BAS),1,L01XX27
61143618,,2,Tension d'approvisionnement,tension,2026-05-18,2026-05-21,,https://ansm.sante.fr/disponibilites-des-produits-de-sante/medicaments/acide-acetylsalicylique-75-mg-comprime-gastro-resistant-acide-acetylsalicylique,"ACIDE ACETYLSALICYLIQUE BIOGARAN 75 mg, comprimé gastro-résistant",BIOGARAN,0,
61146920,,2,Tension d'approvisionnement,tension,2026-05-13,2026-08-05,,https://ansm.sante.fr/disponibilites-des-produits-de-sante/medicaments/neosynephrine-2-5-faure-collyre-en-solution-en-recipient-unidose-phenylephrine,"NEOSYNEPHRINE 2,5 % FAURE, collyre en solution en récipient unidose",EUROPHTA,0,
61181266,,2,Tension d'approvisionnement,tension,2021-04-01,2025-12-08,,https://ansm.sante.fr/disponibilites-des-produits-de-sante/medicaments/immunoglobuline-humaine-normale-iv-et-sc-a-base-de-immunoglobuline-humaine-normale-igg,"HIZENTRA 200 mg/ml, solution injectable sous-cutanée",CSL BEHRING (ALLEMAGNE),1,J06BA01
61197676,,2,Tension d'approvisionnement,tension,2026-03-04,2026-07-28,,https://ansm.sante.fr/disponibilites-des-produits-de-sante/medicaments/ropinirole-0-25-mg-0-5-mg-1-mg-2-mg-et-5mg-comprime-pellicule-ropinirole,"ROPINIROLE TEVA 1 mg, comprimé pelliculé",TEVA SANTE,1,N04BC04
61200510,,1,Rupture de stock,rupture,2025-10-22,2026-05-20,,https://ansm.sante.fr/disponibilites-des-produits-de-sante/medicaments/tetracaine-1-thea-collyre-en-solution-en-recipient-unidose-chlorhydrate-de-tetracaine,"TETRACAINE 1 POUR CENT THEA, collyre en solution en récipient unidose",THEA,1,S01HA03
61211453,,2,Tension d'approvisionnement,tension,2022-08-08,2026-09-08,,https://ansm.sante.fr/disponibilites-des-produits-de-sante/medicaments/folinate-de-calcium-10-mg-ml-solution-injectable-pour-perfusion-folinate-et-levofolinate-de-calcium,"FOLINATE DE CALCIUM ZENTIVA 50 mg, lyophilisat pour usage parentéral",ZENTIVA FRANCE,1,V03AF03
61221166,,2,Tension d'approvisionnement,tension,2025-02-04,2026-06-16,,https://ansm.sante.fr/disponibilites-des-produits-de-sante/medicaments/risperidone-0-5-mg-1-mg-2-mg-et-4-mg-comprime-orodispersible-risperidone,"RISPERIDONE TEVA 1 mg, comprimé orodispersible",TEVA SANTE,1,N05AX08
61290319,,2,Tension d'approvisionnement,tension,2023-10-06,2023-02-01,,https://ansm.sante.fr/disponibilites-des-produits-de-sante/medicaments/montelukast-comprime-5-mg-et-10-mg-montelukast-sodique,"MONTELUKAST VIATRIS 5 mg, comprimé à croquer",VIATRIS SANTE,1,R03DC03
61314485,,1,Rupture de stock,rupture,2025-05-12,2026-01-07,,https://ansm.sante.fr/disponibilites-des-produits-de-sante/medicaments/risperidone-l-p-25-mg-2-ml-37-5-mg-2-ml-et-50-mg-2-ml-poudre-et-solvant-pour-suspension-injectable-a-liberation-prolongee-en-seringue-preremplie-risperidone,"RISPERIDONE TEVA L.P. 37,5 mg/2 mL, poudre et solvant pour suspension injectable à libération prolongée en seringue préremplie",TEVA SANTE,1,N05AX08
61324700,,2,Tension d'approvisionnement,tension,2022-08-17,2024-12-06,,https://ansm.sante.fr/disponibilites-des-produits-de-sante/medicaments/cinacalcet-30-mg-60-mg-et-90-mg-comprime-pellicule-cinacalcet-chlorhydrate-de,"CINACALCET ACCORDPHARMA 60 mg, comprimé pelliculé",ACCORD HEALTHCARE (ESPAGNE),0,
61328727,,2,Tension d'approvisionnement,tension,2026-07-24,2026-09-07,,https://ansm.sante.fr/disponibilites-des-produits-de-sante/medicaments/nilemdo-180-mg-comprime-pellicule-bempedoique-acide,"NILEMDO 180 mg, comprimé pelliculé",DAIICHI SANKYO EUROPE (ALLEMAGNE),0,
61331730,,2,Tension d'approvisionnement,tension,2024-11-25,2026-07-22,,https://ansm.sante.fr/disponibilites-des-produits-de-sante/medicaments/colchimax-comprime-pellicule-secable-colchicine-opium-poudre-d-tiemonium-metilsulfate-de,"COLCHIMAX, comprimé pelliculé sécable",LABORATOIRES MAYOLY SPINDLER,1,M04AC01
61337509,,2,Tension d'approvisionnement,tension,2026-09-01,2026-09-28,,https://ansm.sante.fr/disponibilites-des-produits-de-sante/medicaments/specialites-a-base-de-furosemide-20-mg-et-40-mg-en-comprimes-furosemide,"FUROSEMIDE BIOGARAN 40 mg, comprimé sécable",BIOGARAN,1,C03CA01
61371194,,2,Tension d'approvisionnement,tension,2022-08-17,2024-12-06,,https://ansm.sante.fr/disponibilites-des-produits-de-sante/medicaments/cinacalcet-30-mg-60-mg-et-90-mg-comprime-pellicule-cinacalcet-chlorhydrate-de,"CINACALCET EG 90 mg, comprimé pelliculé",EG LABO - LABORATOIRES EUROGENERICS,1,H05BX01
61380670,,2,Tension d'approvisionnement,tension,2024-11-02,2024-12-04,,https://ansm.sante.fr/disponibilites-des-produits-de-sante/medicaments/specialites-a-base-daprepitant-125-mg-80-mg-et-125-mg-80-mg-gelules-aprepitant,"APREPITANT ACCORD 80 mg, gélule",ACCORD HEALTHCARE FRANCE,1,A04AD12
61392480,,2,Tension d'approvisionnement,tension,2023-10-06,2023-02-01,,https://ansm.sante.fr/disponibilites-des-produits-de-sante/medicaments/montelukast-comprime-5-mg-et-10-mg-montelukast-sodique,"MONTELUKAST EG 10 mg, comprimé pelliculé",EG LABO - LABORATOIRES EUROGENERICS,1,R03DC03
61396361,,4,Remise à disposition,remise_a_disposition,2026-03-24,2026-04-02,2026-03-24,https://ansm.sante.fr/disponibilites-des-produits-de-sante/medicaments/octim-150-microgrammes-dose-solution-pour-pulverisation-nasale-acetate-de-desmopressine-trihydrate,"OCTIM 150 microgrammes/dose, solution pour pulvérisation nasale",FERRING (FRANCE),1,H01BA02
61398654,,2,Tension d'approvisionnement,tension,2026-05-06,2026-10-05,,https://ansm.sante.fr/disponibilites-des-produits-de-sante/medicaments/ambrisentan-volibris-tous-dosages-ambrisentan,"AMBRISENTAN VIATRIS 5 mg, comprimé pelliculé",MYLAN PHARMACEUTICALS (IRLANDE),1,C02KX02
61403425,,2,Tension d'approvisionnement,tension,2025-03-20,2026-04-13,,https://ansm.sante.fr/disponibilites-des-produits-de-sante/medicaments/specialites-a-base-de-venlafaxine-lp-37-5-mg-et-lp-75-mg-en-gelule-a-liberation-prolongee-venlafaxine,"EFFEXOR L.P. 75 mg, gélule à libération prolongée",VIATRIS UP,1,N06AX16
61404477,,2,Tension d'approvisionnement,tension,2026-07-28,2026-07-29,,https://ansm.sante.fr/disponibilites-des-produits-de-sante/medicaments/lantus-100-unites-ml-solution-injectable-en-cartouche-insuline-glargine-bacterie-escherichia-coli,"LANTUS 100 unités/ ml, solution injectable en cartouche",SANOFI AVENTIS (ALLEMAGNE),1,A10AE04
61420645,,2,Tension d'approvisionnement,tension,2024-09-25,2024-10-01,,https://ansm.sante.fr/disponibilites-des-produits-de-sante/medicaments/ropinirole-lp-2-mg-4-mg-et-8-mg-comprime-pellicule-ropinirole-chlorhydrate-de,"ROPINIROLE SANDOZ LP 2 mg, comprimé pelliculé à libération prolongée",SANDOZ,1,N04BC04
61422183,,2,Tension d'approvisionnement,tension,2025-03-20,2026-04-13,,https://ansm.sante.fr/disponibilites-des-produits-de-sante/medicaments/specialites-a-base-de-venlafaxine-lp-37-5-mg-et-lp-75-mg-en-gelule-a-liberation-prolongee-venlafaxine,"VENLAFAXINE BLUEFISH LP 75 mg, gélule à libération prolongée",BLUEFISH PHARMACEUTICALS (SUEDE),0,
61422735,,2,Tension d'approvisionnement,tension,2023-10-06,2023-02-01,,https://ansm.sante.fr/disponibilites-des-produits-de-sante/medicaments/montelukast-comprime-5-mg-et-10-mg-montelukast-sodique,"MONTELUKAST TEVA 5 mg, comprimé à croquer",TEVA SANTE,1,R03DC03
61436304,,2,Tension d'approvisionnement,tension,2026-04-14,2026-09-07,,https://ansm.sante.fr/disponibilites-des-produits-de-sante/medicaments/tenormine-5-mg-10-ml-solution-injectable-iv-en-ampoule-atenolol,"TENORMINE 5 mg/10 ml, solution injectable IV en ampoule",ATNAHS PHARMA NETHERLANDS (PAYS-BAS),1,C07AB03
61447763,,2,Tension d'approvisionnement,tension,2026-05-06,2026-10-05,,https://ansm.sante.fr/disponibilites-des-produits-de-sante/medicaments/ambrisentan-volibris-tous-dosages-ambrisentan,"VOLIBRIS 2,5 mg, comprimés pelliculés",GLAXOSMITHKLINE TRADING SERVICES (IRLANDE),1,C02KX02
61485696,,2,Tension d'approvisionnement,tension,2024-07-04,2026-06-18,,https://ansm.sante.fr/disponibilites-des-produits-de-sante/medicaments/trandolapril-2-mg-et-4-mg-trandolapril,"TRANDOLAPRIL VIATRIS 4 mg, gélule",VIATRIS SANTE,1,C09AA10
61489673,,2,Tension d'approvisionnement,tension,2024-09-16,2025-05-27,,https://ansm.sante.fr/disponibilites-des-produits-de-sante/medicaments/quetiapine-lp-xeroquel-lp-50-mg-300-mg-et-400-mg-comprime-a-liberation-prolongee-quetiapine-fumarate-de,"XEROQUEL LP 50 mg, comprimé à libération prolongée",BB FARMA (ITALIE),0,
61499240,,2,Tension d'approvisionnement,tension,2025-03-20,2026-04-13,,https://ansm.sante.fr/disponibilites-des-produits-de-sante/medicaments/specialites-a-base-de-venlafaxine-lp-37-5-mg-et-lp-75-mg-en-gelule-a-liberation-prolongee-venlafaxine,"VENLAFAXINE EG LABO LP 75 mg, gélule à libération prolongée",EG LABO - LABORATOIRES EUROGENERICS,1,N06AX16
61515919,,1,Rupture de stock,rupture,2025-05-12,2026-01-07,,https://ansm.sante.fr/disponibilites-des-produits-de-sante/medicaments/risperidone-l-p-25-mg-2-ml-37-5-mg-2-ml-et-50-mg-2-ml-poudre-et-solvant-pour-suspension-injectable-a-liberation-prolongee-en-seringue-preremplie-risperidone,"RISPERIDONE TEVA L.P. 25 mg/2 ml, poudre et solvant pour suspension injectable à libération prolongée en seringue préremplie",TEVA SANTE,1,N05AX08
61529057,,2,Tension d'approvisionnement,tension,2023-09-01,2024-01-11,,https://ansm.sante.fr/disponibilites-des-produits-de-sante/medicaments/creon-25-000-u-gelule-gastroresistante-pancreatine,"CREON 25 000 U, gélule gastro-résistante",VIATRIS MEDICAL,1,A09AA02
61556809,,2,Tension d'approvisionnement,tension,2025-03-20,2026-04-13,,https://ansm.sante.fr/disponibilites-des-produits-de-sante/medicaments/specialites-a-base-de-venlafaxine-lp-37-5-mg-et-lp-75-mg-en-gelule-a-liberation-prolongee-venlafaxine,"VENLAFAXINE KRKA L.P. 37,5 mg, gélule à libération prolongée",KRKA (SLOVENIE),1,N06AX16
61561635,,1,Rupture de stock,rupture,2023-11-15,2024-11-07,,https://ansm.sante.fr/disponibilites-des-produits-de-sante/medicaments/marsilid-50-mg-comprime-secable-iproniazide,"MARSILID 50 mg, comprimé sécable",EFISCIENS (MALTE),0,
61569781,,2,Tension d'approvisionnement,tension,2025-08-05,2026-03-05,,https://ansm.sante.fr/disponibilites-des-produits-de-sante/medicaments/methylprednisolone-viatris-120-mg-poudre-pour-solution-injectable-im-iv-methylprednisolone-hydrogenosuccinate-de,"METHYLPREDNISOLONE VIATRIS 120 mg, poudre pour solution injectable (IM-IV)",VIATRIS SANTE,1,H02AB04
61578339,,1,Rupture de stock,rupture,2025-09-22,2026-03-12,,https://ansm.sante.fr/disponibilites-des-produits-de-sante/medicaments/ritonavir-viatris-100-mg-comprime-pellicule-ritonavir,"RITONAVIR VIATRIS 100 mg, comprimé pelliculé",VIATRIS (IRLANDE),1,J05AE03
61581417,,4,Remise à disposition,remise_a_disposition,2026-05-21,2026-05-21,2026-05-21,https://ansm.sante.fr/disponibilites-des-produits-de-sante/medicaments/hydrocortisone-upjohn-100-mg-preparation-injectable-hydrocortisone-hydrogenosuccinate-sodique-d,"HYDROCORTISONE UPJOHN 100 mg, préparation injectable",SERB,1,H02AB09
61588778,,2,Tension d'approvisionnement,tension,2025-05-01,2025-10-28,,https://ansm.sante.fr/disponibilites-des-produits-de-sante/medicaments/gamme-neorecormon-solution-injectable-en-seringue-preremplie-epoetine-beta,"NEORECORMON 20 000 UI, solution injectable en seringue préremplie",ROCHE REGISTRATION (ALLEMAGNE),0,
61598594,,2,Tension d'approvisionnement,tension,2025-03-20,2026-04-13,,https://ansm.sante.fr/disponibilites-des-produits-de-sante/medicaments/specialites-a-base-de-venlafaxine-lp-37-5-mg-et-lp-75-mg-en-gelule-a-liberation-prolongee-venlafaxine,"VENLAFAXINE EVOLUGEN PHARMA LP 75 mg, gélule à libération prolongée",EVOLUPHARM,1,N06AX16
61609521,,2,Tension d'approvisionnement,tension,2026-06-24,2026-09-18,,https://ansm.sante.fr/disponibilites-des-produits-de-sante/medicaments/paliperidone-bgr-suspension-injectable-a-liberation-prolongee-en-seringue-preremplie-paliperidone,"PALIPERIDONE BGR 75 mg, suspension injectable à libération prolongée en seringue préremplie",BIOGARAN,0,
61620521,,2,Tension d'approvisionnement,tension,2026-10-04,2026-09-18,,https://ansm.sante.fr/disponibilites-des-produits-de-sante/medicaments/duloxetine-30-mg-et-60-mg-gelules-gastro-resistantes-duloxetine-chlorhydrate-de,"DULOXETINE ZYDUS 60 mg, gélule gastro-résistante",ZYDUS FRANCE,1,N06AX21
61633134,,2,Tension d'approvisionnement,tension,2024-11-02,2024-12-04,,https://ansm.sante.fr/disponibilites-des-produits-de-sante/medicaments/specialites-a-base-daprepitant-125-mg-80-mg-et-125-mg-80-mg-gelules-aprepitant,"APREPITANT SANDOZ 125 mg, gélule et APREPITANT SANDOZ 80 mg, gélule",SANDOZ,1,A04AD12
61673890,,2,Tension d'approvisionnement,tension,2026-09-01,2026-09-28,,https://ansm.sante.fr/disponibilites-des-produits-de-sante/medicaments/specialites-a-base-de-furosemide-20-mg-et-40-mg-en-comprimes-furosemide,"FUROSEMIDE VIATRIS 20 mg, comprimé sécable",VIATRIS SANTE,1,C03CA01
61708252,,2,Tension d'approvisionnement,tension,2022-08-08,2026-09-08,,https://ansm.sante.fr/disponibilites-des-produits-de-sante/medicaments/folinate-de-calcium-10-mg-ml-solution-injectable-pour-perfusion-folinate-et-levofolinate-de-calcium,"FOLINATE DE CALCIUM ALTAN 350 mg, poudre pour solution injectable",ALTAN PHARMACEUTICALS (ESPAGNE),1,V03AF03
61716295,,4,Remise à disposition,remise_a_disposition,2026-04-22,2026-04-22,2026-04-22,https://ansm.sante.fr/disponibilites-des-produits-de-sante/medicaments/protexel-50-ui-ml-poudre-et-solvant-pour-solution-injectable-proteine-c-humaine,"PROTEXEL 50 UI/mL, poudre et solvant pour solution injectable",LFB-BIOMEDICAMENTS,1,B01AD12
61722572,,2,Tension d'approvisionnement,tension,2026-07-21,2026-10-01,,https://ansm.sante.fr/disponibilites-des-produits-de-sante/medicaments/linezolide-600-mg-comprime-pellicule-linezolide,"LINEZOLIDE ARROW 600 mg, comprimé pelliculé",ARROW GENERIQUES,1,J01XX08
61729702,,2,Tension d'approvisionnement,tension,2024-09-16,2025-05-27,,https://ansm.sante.fr/disponibilites-des-produits-de-sante/medicaments/quetiapine-lp-xeroquel-lp-50-mg-300-mg-et-400-mg-comprime-a-liberation-prolongee-quetiapine-fumarate-de,"QUETIAPINE EVOLUGEN LP 300 mg, comprimé à libération prolongée",EVOLUPHARM,1,N05AH04
61731639,,2,Tension d'approvisionnement,tension,2024-12-13,2024-12-18,,https://ansm.sante.fr/disponibilites-des-produits-de-sante/medicaments/lutrelef-3-2-mg-poudre-et-solvant-pour-solution-injectable-gonadoreline-acetate-de,"LUTRELEF 3,2 mg, poudre et solvant pour solution injectable",FERRING (FRANCE),1,H01CA01
61750511,,2,Tension d'approvisionnement,tension,2026-04-03,2026-08-10,,https://ansm.sante.fr/disponibilites-des-produits-de-sante/medicaments/betneval-0-1-creme-betamethasone-valerate-de,"BETNEVAL 0,1 %, crème",GLAXOSMITHKLINE,1,D07AC01
61763619,,2,Tension d'approvisionnement,tension,2026-09-01,2026-09-28,,https://ansm.sante.fr/disponibilites-des-produits-de-sante/medicaments/specialites-a-base-de-furosemide-20-mg-et-40-mg-en-comprimes-furosemide,"FUROSEMIDE TEVA 40 mg, comprimé sécable",TEVA SANTE,1,C03CA01
61779947,,3,Arrêt de commercialisation,arret_commercialisation,2023-10-06,2026-04-28,,https://ansm.sante.fr/disponibilites-des-produits-de-sante/medicaments/digidot-80mg-poudre-pour-solution-pour-perfusion-digifab-importation-fragment-fab-dimmunoglobuline-antidigitalique-ovin,,,0,
61848140,,2,Tension d'approvisionnement,tension,2026-01-13,2026-07-24,,https://ansm.sante.fr/disponibilites-des-produits-de-sante/medicaments/holoxan-1000-mg-poudre-pour-solution-injectable-et-2000-mg-poudre-pour-usage-parenteral-ifosfamide,"HOLOXAN 1000 mg, poudre pour solution injectable",BAXTER,1,L01AA06
61855918,,2,Tension d'approvisionnement,tension,2026-03-17,2026-07-24,,https://ansm.sante.fr/disponibilites-des-produits-de-sante/medicaments/bosentan-125-mg-comprime-pellicule-bosentan-monohydrate,"TRACLEER 125 mg, comprimé pelliculé",JANSSEN CILAG INTERNATIONAL NV,1,C02KX01
61886269,,1,Rupture de stock,rupture,2023-10-27,2024-06-19,,https://ansm.sante.fr/disponibilites-des-produits-de-sante/medicaments/eldisine-5-mg-poudre-pour-solution-injectable-sulfate-de-vindesine,"ELDISINE 5 mg, poudre pour solution injectable",EG LABO - LABORATOIRES EUROGENERICS,1,L01CA03
61926518,,2,Tension d'approvisionnement,tension,2025-05-01,2025-10-28,,https://ansm.sante.fr/disponibilites-des-produits-de-sante/medicaments/gamme-neorecormon-solution-injectable-en-seringue-preremplie-epoetine-beta,"NEORECORMON 6000 UI, solution injectable en seringue préremplie",ROCHE REGISTRATION (ALLEMAGNE),1,B03XA01
61941370,,2,Tension d'approvisionnement,tension,2026-05-18,2026-05-21,,https://ansm.sante.fr/disponibilites-des-produits-de-sante/medicaments/acide-acetylsalicylique-75-mg-comprime-gastro-resistant-acide-acetylsalicylique,"ASARED 75 mg, comprimé gastro-résistant",ZENTIVA FRANCE,0,
61951090,,2,Tension d'approvisionnement,tension,2026-01-09,2026-06-25,,https://ansm.sante.fr/disponibilites-des-produits-de-sante/medicaments/emend-125-mg-poudre-pour-suspension-buvable-aprepitant,"EMEND 125 mg, poudre pour suspension buvable",MERCK SHARP & DOHME (PAYS-BAS),1,A04AD12
61951090,,2,Tension d'approvisionnement,tension,2024-11-02,2024-12-04,,https://ansm.sante.fr/disponibilites-des-produits-de-sante/medicaments/specialites-a-base-daprepitant-125-mg-80-mg-et-125-mg-80-mg-gelules-aprepitant,"EMEND 125 mg, poudre pour suspension buvable",MERCK SHARP & DOHME (PAYS-BAS),1,A04AD12
61952274,,2,Tension d'approvisionnement,tension,2024-09-12,2025-03-27,,https://ansm.sante.fr/disponibilites-des-produits-de-sante/medicaments/clopidogrel-75-mg-comprime-pellicule-clopidogrel-hydrogenosulfate-de,"DUOPLAVIN 75 mg/75 mg, comprimé pelliculé",SANOFI WINTHROP INDUSTRIE,1,B01AC30
61958925,,1,Rupture de stock,rupture,2026-08-21,2026-09-11,,https://ansm.sante.fr/disponibilites-des-produits-de-sante/medicaments/kaleorid-lp-600-mg-et-1000-mg-comprimes-a-liberation-prolongee-potassium-chlorure-de,"KALEORID LP 600 mg, comprimé à libération prolongée",KARO PHARMA (SUEDE),1,A12BA01
61969156,,2,Tension d'approvisionnement,tension,2023-10-05,2024-01-11,,https://ansm.sante.fr/disponibilites-des-produits-de-sante/medicaments/creon-10-000-u-gelule-gastroresistante-pancreatine,"CREON 10 000 U, gélule gastro-résistante",VIATRIS MEDICAL,1,A09AA02
61979289,,2,Tension d'approvisionnement,tension,2025-05-01,2025-10-28,,https://ansm.sante.fr/disponibilites-des-produits-de-sante/medicaments/gamme-neorecormon-solution-injectable-en-seringue-preremplie-epoetine-beta,"NEORECORMON 2000 UI, solution injectable en seringue préremplie",ROCHE REGISTRATION (ALLEMAGNE),1,B03XA01
62000612,,4,Remise à disposition,remise_a_disposition,2026-08-28,2026-08-28,2026-08-28,https://ansm.sante.fr/disponibilites-des-produits-de-sante/medicaments/amikacine-viatris-50-mg-1-ml-solution-injectable-amikacine-sulfate-d,"AMIKACINE VIATRIS 50 mg/1 ml, solution injectable",VIATRIS SANTE,1,J01GB06
62018628,,4,Remise à disposition,remise_a_disposition,2026-08-28,2026-08-28,2026-08-28,https://ansm.sante.fr/disponibilites-des-produits-de-sante/medicaments/tildiem-25-mg-poudre-et-solution-pour-preparation-injectable-i-v-diltiazem-chlorhydrate-de,"TILDIEM 25 mg, poudre et solution pour préparation injectable I.V.",SANOFI WINTHROP INDUSTRIE,1,C08DB01
62030744,,4,Remise à disposition,remise_a_disposition,2026-05-15,2026-04-01,2026-05-15,https://ansm.sante.fr/disponibilites-des-produits-de-sante/medicaments/toujeo-300-unites-ml-doublestar-solution-injectable-en-stylo-prerempli-insuline-glargine-bacterie-escherichia-coli,"TOUJEO 300 unités/ml DoubleStar, solution injectable en stylo prérempli",SANOFI AVENTIS (ALLEMAGNE),1,A10AE04
62048906,,2,Tension d'approvisionnement,tension,2024-03-22,2025-01-15,,https://ansm.sante.fr/disponibilites-des-produits-de-sante/medicaments/amikacine-viatris-250-mg-500-mg-et-1g-poudre-pour-solution-injectable-en-flacon-amikacine-sulfate-d,"AMIKACINE VIATRIS 250 mg, poudre pour solution injectable",VIATRIS SANTE,1,J01GB06
62073400,,2,Tension d'approvisionnement,tension,2023-10-06,2023-05-17,,https://ansm.sante.fr/disponibilites-des-produits-de-sante/medicaments/kayexalate-poudre-pour-suspension-orale-et-rectale-sodium-polystyrene-sulfonate-de,"KAYEXALATE, poudre pour suspension orale et rectale",PHARMA LAB,0,
62110699,,4,Remise à disposition,remise_a_disposition,2026-04-27,2026-04-27,2026-04-27,https://ansm.sante.fr/disponibilites-des-produits-de-sante/medicaments/lyrica-20-mg-ml-solution-buvable-pregabaline,"LYRICA 20 mg/ml, solution buvable",UPJOHN (PAYS-BAS),1,N02BF02
62119207,,2,Tension d'approvisionnement,tension,2026-07-08,2026-07-31,,https://ansm.sante.fr/disponibilites-des-produits-de-sante/medicaments/befizal-l-p-400-mg-comprime-enrobe-a-liberation-prolongee-bezafibrate,"BEFIZAL L.P. 400 mg, comprimé enrobé à libération prolongée",ARROW GENERIQUES,1,C10AB02
62119207,,4,Remise à disposition,remise_a_disposition,2026-06-16,2026-06-16,2026-06-16,https://ansm.sante.fr/disponibilites-des-produits-de-sante/medicaments/befizal-l-p-400-mg-comprime-enrobe-a-liberation-prolongee-bezafibrate,"BEFIZAL L.P. 400 mg, comprimé enrobé à libération prolongée",ARROW GENERIQUES,1,C10AB02
62124478,,4,Remise à disposition,remise_a_disposition,2026-09-02,2026-09-02,2026-09-02,https://ansm.sante.fr/disponibilites-des-produits-de-sante/medicaments/teralithe-250-mg-comprime-secable-lithium-carbonate-de,"TERALITHE 250 mg, comprimé sécable",LABORATOIRES DELBERT,1,N05AN01
62137575,,2,Tension d'approvisionnement,tension,2024-09-16,2025-05-27,,https://ansm.sante.fr/disponibilites-des-produits-de-sante/medicaments/quetiapine-lp-xeroquel-lp-50-mg-300-mg-et-400-mg-comprime-a-liberation-prolongee-quetiapine-fumarate-de,"QUETIAPINE SUN LP 400 mg, comprimé à libération prolongée",SUN PHARMA FRANCE,0,
62148415,,1,Rupture de stock,rupture,2026-05-06,2026-05-07,,https://ansm.sante.fr/disponibilites-des-produits-de-sante/medicaments/ritonavir-arrow-100-mg-comprime-pellicule-ritonavir,"RITONAVIR ARROW 100 mg, comprimé pelliculé",ARROW GENERIQUES,1,J05AE03
62149015,,1,Rupture de stock,rupture,2024-02-15,2025-06-26,,https://ansm.sante.fr/disponibilites-des-produits-de-sante/medicaments/ozalin-2-mg-ml-solution-buvable-en-recipient-unidose-midazolam,"OZALIN 2 mg/mL, solution buvable en récipient unidose",ISTITUTO GENTILI (ITALIE),0,
62181041,,2,Tension d'approvisionnement,tension,2024-09-16,2025-05-27,,https://ansm.sante.fr/disponibilites-des-produits-de-sante/medicaments/quetiapine-lp-xeroquel-lp-50-mg-300-mg-et-400-mg-comprime-a-liberation-prolongee-quetiapine-fumarate-de,"XEROQUEL LP 300 mg, comprimé à libération prolongée",BB FARMA (ITALIE),0,
62187140,,2,Tension d'approvisionnement,tension,2024-04-22,2025-02-12,,https://ansm.sante.fr/disponibilites-des-produits-de-sante/medicaments/heparine-calcique-25-000-ui-ml-solution-injectable-en-seringue-pre-remplie-s-c-de-0-2-ml-et-0-3-ml-calciparine-5-000-ui-0-2-ml-et-7-500-ui-0-3-ml-solution-injectable-en-seringue-pre-remplie-s-c-heparine-calcique,"CALCIPARINE 7 500 UI/0,3 mL, solution injectable en seringue préremplie (sous cutanée)",CHEPLAPHARM ARZNEIMITTEL (ALLEMAGNE),1,B01AB01
62190115,,4,Remise à disposition,remise_a_disposition,2026-08-13,2026-08-13,2026-08-13,https://ansm.sante.fr/disponibilites-des-produits-de-sante/medicaments/methylprednisolone-hikma-500-mg-poudre-pour-solution-injectable-methylprednisolone-hydrogenosuccinate-sodique-de,"METHYLPREDNISOLONE HIKMA 500 mg, poudre pour solution injectable",HIKMA FARMACEUTICA (PORTUGAL),1,H02AB04
62217530,,2,Tension d'approvisionnement,tension,2025-10-31,2025-11-01,,https://ansm.sante.fr/disponibilites-des-produits-de-sante/medicaments/pentasa-1-g-et-2-g-granules-en-sachet-et-pentasa-1-g-suppositoire-mesalazine,"PENTASA 2 g, granulés en sachet-dose",FERRING (FRANCE),1,A07EC02
62243639,,4,Remise à disposition,remise_a_disposition,2026-09-25,2026-09-25,2026-09-25,https://ansm.sante.fr/disponibilites-des-produits-de-sante/medicaments/celestene-4-mg-1-ml-solution-injectable-betamethasone-phosphate-sodique-de,"CELESTENE 4 mg/1 ml, solution injectable",ORGANON FRANCE,1,H02AB01
62262276,,3,Arrêt de commercialisation,arret_commercialisation,2026-01-14,2026-09-18,,https://ansm.sante.fr/disponibilites-des-produits-de-sante/medicaments/paliperidone-biogaran-suspension-injectable-a-liberation-prolongee-en-seringue-preremplie-paliperidone,"PALIPERIDONE BIOGARAN 100 mg, suspension injectable à libération prolongée en seringue préremplie",BIOGARAN,1,N05AX13
62278832,,2,Tension d'approvisionnement,tension,2025-06-20,2026-05-22,,https://ansm.sante.fr/disponibilites-des-produits-de-sante/medicaments/novorapid-pumpcart-100-unites-ml-solution-injectable-en-cartouche-insuline-asparte-levure-saccharomyces-cerevisiae,"NOVORAPID PUMPCART 100 unités/ml, solution injectable en cartouche",NOVO NORDISK (DANEMARK),1,A10AB05
62308535,3400955028284,1,Rupture de stock,rupture,2025-11-12,2026-04-01,,https://ansm.sante.fr/disponibilites-des-produits-de-sante/medicaments/gemcitabine-sun-10-mg-ml-solution-pour-perfusion-en-poche-de-120-ml-gemcitabine-chlorhydrate-de,"GEMCITABINE SUN 10 mg/mL, solution pour perfusion",SUN PHARMACEUTICAL INDUSTRIES EUROPE (PAYS BAS),1,L01BC05
62333104,,2,Tension d'approvisionnement,tension,2024-09-16,2025-05-27,,https://ansm.sante.fr/disponibilites-des-produits-de-sante/medicaments/quetiapine-lp-xeroquel-lp-50-mg-300-mg-et-400-mg-comprime-a-liberation-prolongee-quetiapine-fumarate-de,"QUETIAPINE SUN LP 50 mg, comprimé à libération prolongée",SUN PHARMA FRANCE,0,
62336456,,2,Tension d'approvisionnement,tension,2026-09-23,2026-09-18,,https://ansm.sante.fr/disponibilites-des-produits-de-sante/medicaments/duloxetine-30-mg-et-60-mg-gelules-gastro-resistantes-duloxetine-chlorhydrate-de,"DULOXETINE SANDOZ 60 mg, gélule gastro-résistante",SANDOZ,1,N06AX21
62345380,,4,Remise à disposition,remise_a_disposition,2026-03-24,2026-05-05,2026-03-24,https://ansm.sante.fr/disponibilites-des-produits-de-sante/medicaments/ipratropium-teva-0-5-mg-2-ml-adultes-solution-pour-inhalation-par-nebuliseur-en-recipient-unidose-ipratropium-bromure-d,"IPRATROPIUM TEVA 0,5 mg/2 ml ADULTES, solution pour inhalation par nébuliseur en récipient unidose",TEVA SANTE,1,R03BB01
62346703,,2,Tension d'approvisionnement,tension,2024-09-16,2025-05-27,,https://ansm.sante.fr/disponibilites-des-produits-de-sante/medicaments/quetiapine-lp-xeroquel-lp-50-mg-300-mg-et-400-mg-comprime-a-liberation-prolongee-quetiapine-fumarate-de,"QUETIAPINE EVOLUGEN LP 400 mg, comprimé à libération prolongée",EVOLUPHARM,1,N05AH04
62404028,3400937125574,1,Rupture de stock,rupture,2025-06-19,2026-09-22,,https://ansm.sante.fr/disponibilites-des-produits-de-sante/medicaments/tarka-lp-180-mg-2-mg-comprime-pellicule-a-liberation-prolongee-boite-de-30-comprimes-et-de-90-comprimes-trandolapril-verapamil-chlorhydrate-de,"TARKA LP 180 mg/2 mg, comprimé pelliculé à libération prolongée",VIATRIS MEDICAL,1,C09BB10
62404028,3400937136860,1,Rupture de stock,rupture,2025-06-19,2026-09-22,,https://ansm.sante.fr/disponibilites-des-produits-de-sante/medicaments/tarka-lp-180-mg-2-mg-comprime-pellicule-a-liberation-prolongee-boite-de-30-comprimes-et-de-90-comprimes-trandolapril-verapamil-chlorhydrate-de,"TARKA LP 180 mg/2 mg, comprimé pelliculé à libération prolongée",VIATRIS MEDICAL,1,C09BB10
62416105,,1,Rupture de stock,rupture,2024-10-02,2026-05-21,,https://ansm.sante.fr/disponibilites-des-produits-de-sante/medicaments/tranxene-20-mg-2-ml-lyophilisat-et-solution-pour-usage-parenteral-clorazepate-dipotassique,"TRANXENE 20 mg/2 ml, lyophilisat et solution pour usage parentéral",NEURAXPHARM FRANCE,1,N05BA05
62423007,,2,Tension d'approvisionnement,tension,2023-10-06,2023-02-01,,https://ansm.sante.fr/disponibilites-des-produits-de-sante/medicaments/montelukast-comprime-5-mg-et-10-mg-montelukast-sodique,"MONTELUKAST ALMUS 10 mg, comprimé pelliculé",ALMUS FRANCE,1,R03DC03
62424059,,1,Rupture de stock,rupture,2026-07-15,2026-09-16,,https://ansm.sante.fr/disponibilites-des-produits-de-sante/medicaments/negaban-1-g-poudre-pour-solution-injectable-pour-perfusion-temocilline-disodique,"NEGABAN 1 g, poudre pour solution injectable/pour perfusion",EUMEDICA PHARMACEUTICALS (ALLEMAGNE),0,
62435116,,4,Remise à disposition,remise_a_disposition,2026-05-21,2026-09-18,2026-05-21,https://ansm.sante.fr/disponibilites-des-produits-de-sante/medicaments/furosemide-zentiva-500-mg-comprime-secable-furosemide,"FUROSEMIDE ZENTIVA 500 mg, comprimé sécable",ZENTIVA FRANCE,1,C03CA01
62436200,,4,Remise à disposition,remise_a_disposition,2026-08-21,2026-08-21,2026-08-21,https://ansm.sante.fr/disponibilites-des-produits-de-sante/medicaments/dilantin-250-mg-5-ml-solution-injectable-phenytoine-sodique,"DILANTIN 250 mg/5 ml, solution injectable",ESTEVE PHARMACEUTICALS,1,N03AB02
62443668,,2,Tension d'approvisionnement,tension,2026-09-19,2026-09-18,,https://ansm.sante.fr/disponibilites-des-produits-de-sante/medicaments/duloxetine-30-mg-et-60-mg-gelules-gastro-resistantes-duloxetine-chlorhydrate-de,"DULOXETINE EG 30 mg, gélule gastro-résistante",EG LABO - LABORATOIRES EUROGENERICS,1,N06AX21
62481448,,2,Tension d'approvisionnement,tension,2024-07-04,2026-06-18,,https://ansm.sante.fr/disponibilites-des-produits-de-sante/medicaments/trandolapril-2-mg-et-4-mg-trandolapril,"ODRIK 4 mg, gélule",VIATRIS MEDICAL,1,C09AA10
62499439,,2,Tension d'approvisionnement,tension,2026-09-01,2026-09-28,,https://ansm.sante.fr/disponibilites-des-produits-de-sante/medicaments/specialites-a-base-de-furosemide-20-mg-et-40-mg-en-comprimes-furosemide,"FUROSEMIDE ZENTIVA 20 mg, comprimé sécable",ZENTIVA FRANCE,1,C03CA01
62505785,,2,Tension d'approvisionnement,tension,2025-02-04,2026-06-16,,https://ansm.sante.fr/disponibilites-des-produits-de-sante/medicaments/risperidone-0-5-mg-1-mg-2-mg-et-4-mg-comprime-orodispersible-risperidone,"RISPERIDONE EG 0,5 mg, comprimé orodispersible",EG LABO - LABORATOIRES EUROGENERICS,1,N05AX08
62516778,,2,Tension d'approvisionnement,tension,2024-03-22,2025-01-15,,https://ansm.sante.fr/disponibilites-des-produits-de-sante/medicaments/amikacine-viatris-250-mg-500-mg-et-1g-poudre-pour-solution-injectable-en-flacon-amikacine-sulfate-d,"AMIKACINE VIATRIS 1 g, poudre pour solution injectable en flacon",VIATRIS SANTE,1,J01GB06
62518601,,2,Tension d'approvisionnement,tension,2023-10-06,2023-02-01,,https://ansm.sante.fr/disponibilites-des-produits-de-sante/medicaments/montelukast-comprime-5-mg-et-10-mg-montelukast-sodique,"MONTELUKAST ARROW LAB 5 mg, comprimé à croquer",ARROW GENERIQUES,1,R03DC03
62521070,,4,Remise à disposition,remise_a_disposition,2026-09-02,2026-09-02,2026-09-02,https://ansm.sante.fr/disponibilites-des-produits-de-sante/medicaments/varilrix-poudre-et-solvant-pour-solution-injectable-en-seringue-preremplie-vaccin-varicelleux-vivant-virus-de-la-varicelle-souche-oka-vivant-attenue-mammiferes-humain-cellules-diploides-mrc-5,"VARILRIX, poudre et solvant pour solution injectable en seringue préremplie. Vaccin varicelleux (vivant)",GLAXOSMITHKLINE,1,J07BK01
62521323,,4,Remise à disposition,remise_a_disposition,2026-08-05,2026-08-06,2026-08-05,https://ansm.sante.fr/disponibilites-des-produits-de-sante/medicaments/rapibloc-20-mg-2-ml-solution-a-diluer-injectable-landiolol-chlorhydrate-de,"RAPIBLOC 20 mg/2 ml, solution à diluer injectable",AMOMED PHARMA (AUTRICHE),1,C07AB14
62533756,,3,Arrêt de commercialisation,arret_commercialisation,2025-12-29,2026-01-06,,https://ansm.sante.fr/disponibilites-des-produits-de-sante/medicaments/atropine-0-3-collyre-atropine-sulfate,"ATROPINE ALCON 0,3 POUR CENT, collyre",LABORATOIRES ALCON,0,
62538618,,2,Tension d'approvisionnement,tension,2025-03-20,2026-04-13,,https://ansm.sante.fr/disponibilites-des-produits-de-sante/medicaments/specialites-a-base-de-venlafaxine-lp-37-5-mg-et-lp-75-mg-en-gelule-a-liberation-prolongee-venlafaxine,"VENLAFAXINE ALMUS LP 37,5 mg, gélule à libération prolongée",BIOGARAN,1,N06AX16
62539218,,2,Tension d'approvisionnement,tension,2026-06-24,2026-09-18,,https://ansm.sante.fr/disponibilites-des-produits-de-sante/medicaments/paliperidone-bgr-suspension-injectable-a-liberation-prolongee-en-seringue-preremplie-paliperidone,"PALIPERIDONE BGR 25 mg, suspension injectable à libération prolongée en seringue préremplie",BIOGARAN,0,
62542837,,2,Tension d'approvisionnement,tension,2025-03-20,2026-04-13,,https://ansm.sante.fr/disponibilites-des-produits-de-sante/medicaments/specialites-a-base-de-venlafaxine-lp-37-5-mg-et-lp-75-mg-en-gelule-a-liberation-prolongee-venlafaxine,"VENLAFAXINE ALTER LP 75 mg, gélule à libération prolongée",LABORATOIRES ALTER,0,
62554177,,2,Tension d'approvisionnement,tension,2025-07-07,2026-05-19,,https://ansm.sante.fr/disponibilites-des-produits-de-sante/medicaments/endoxan-50-mg-comprime-enrobe-cyclophosphamide,"ENDOXAN 50 mg, comprimé enrobé",BAXTER,1,L01AA01
62571408,,2,Tension d'approvisionnement,tension,2022-08-08,2026-09-08,,https://ansm.sante.fr/disponibilites-des-produits-de-sante/medicaments/folinate-de-calcium-10-mg-ml-solution-injectable-pour-perfusion-folinate-et-levofolinate-de-calcium,"FOLINATE DE CALCIUM HIKMA 10 mg/mL, solution injectable/pour perfusion",HIKMA FARMACEUTICA (PORTUGAL),1,V03AF03
62582326,,2,Tension d'approvisionnement,tension,2025-08-08,2026-09-16,,https://ansm.sante.fr/disponibilites-des-produits-de-sante/medicaments/depo-prodasone-500-mg-suspension-injectable-medroxyprogesterone,"DEPO PRODASONE 500 mg, suspension injectable",PFIZER HOLDING FRANCE,1,L02AB02
62583314,,4,Remise à disposition,remise_a_disposition,2026-07-17,2026-07-17,2026-07-17,https://ansm.sante.fr/disponibilites-des-produits-de-sante/medicaments/vitamine-a-provepharm-100-000-u-i-2-ml-solution-injectable-i-m-palmitate-de-retinol,"VITAMINE A PROVEPHARM 100 000 U.I./2 ml, solution injectable (I.M.)",PROVEPHARM,1,A11CA01
62620200,,3,Arrêt de commercialisation,arret_commercialisation,2026-01-14,2026-09-18,,https://ansm.sante.fr/disponibilites-des-produits-de-sante/medicaments/paliperidone-biogaran-suspension-injectable-a-liberation-prolongee-en-seringue-preremplie-paliperidone,"PALIPERIDONE BIOGARAN 25 mg, suspension injectable à libération prolongée en seringue préremplie",BIOGARAN,1,N05AX13
62621124,,2,Tension d'approvisionnement,tension,2026-07-21,2026-10-01,,https://ansm.sante.fr/disponibilites-des-produits-de-sante/medicaments/linezolide-600-mg-comprime-pellicule-linezolide,"LINEZOLIDE ACCORD 600 mg, comprimé pelliculé",ACCORD HEALTHCARE FRANCE,1,J01XX08
62628873,,4,Remise à disposition,remise_a_disposition,2026-08-28,2026-08-28,2026-08-28,https://ansm.sante.fr/disponibilites-des-produits-de-sante/medicaments/methylprednisolone-viatris-500-mg-poudre-pour-solution-injectable-im-iv-methylprednisolone-hydrogenosuccinate-de,"METHYLPREDNISOLONE VIATRIS 500 mg, poudre pour solution injectable",VIATRIS SANTE,1,H02AB04
62632843,,2,Tension d'approvisionnement,tension,2025-03-20,2026-04-13,,https://ansm.sante.fr/disponibilites-des-produits-de-sante/medicaments/specialites-a-base-de-venlafaxine-lp-37-5-mg-et-lp-75-mg-en-gelule-a-liberation-prolongee-venlafaxine,"VENLAFAXINE ARROW LP 75 mg, gélule à libération prolongée",ARROW GENERIQUES,0,
62650834,,2,Tension d'approvisionnement,tension,2024-09-16,2025-05-27,,https://ansm.sante.fr/disponibilites-des-produits-de-sante/medicaments/quetiapine-lp-xeroquel-lp-50-mg-300-mg-et-400-mg-comprime-a-liberation-prolongee-quetiapine-fumarate-de,"QUETIAPINE ACCORD HEALTHCARE LP 300 mg, comprimé à libération prolongée",ACCORD HEALTHCARE FRANCE,1,N05AH04
62672962,,4,Remise à disposition,remise_a_disposition,2026-07-02,2026-07-03,2026-07-02,https://ansm.sante.fr/disponibilites-des-produits-de-sante/medicaments/lamaline-suppositoire-cafeine-opium-extrait-sec-d-paracetamol,"LAMALINE, suppositoire",VIATRIS MEDICAL,1,N02BE51
62693853,,2,Tension d'approvisionnement,tension,2026-07-20,2026-07-24,,https://ansm.sante.fr/disponibilites-des-produits-de-sante/medicaments/moviprep-orange-poudre-pour-solution-buvable-acide-ascorbique-ascorbate-de-sodium-macrogol-3350-potassium-chlorure-de-sodium-chlorure-de-sodium-sulfate-de-anhydre,"MOVIPREP ORANGE, poudre pour solution buvable",NORGINE (PAYS-BAS),1,A06AG20
62706119,,2,Tension d'approvisionnement,tension,2025-02-04,2026-06-16,,https://ansm.sante.fr/disponibilites-des-produits-de-sante/medicaments/risperidone-0-5-mg-1-mg-2-mg-et-4-mg-comprime-orodispersible-risperidone,"RISPERIDONE SANDOZ 0,5 mg, comprimé orodispersible",SANDOZ,1,N05AX08
62726958,,2,Tension d'approvisionnement,tension,2024-03-13,2024-03-20,,https://ansm.sante.fr/disponibilites-des-produits-de-sante/medicaments/creon-35-000-u-gelule-gastroresistante-pancreatine,"CREON 35 000 U , gélule gastro-résistante",VIATRIS MEDICAL,1,A09AA02
62735380,,2,Tension d'approvisionnement,tension,2024-04-11,2026-02-25,,https://ansm.sante.fr/disponibilites-des-produits-de-sante/medicaments/hydrocortisone-substipharm-100-mg-lyophilisat-flacon-et-solution-pour-usage-parenteral-hydrocortisone-hydrogenosuccinate-d,"HYDROCORTISONE SUBSTIPHARM 100 mg, lyophilisat (flacon) et solution pour usage parentéral",SUBSTIPHARM,1,H02AB09
62746658,,1,Rupture de stock,rupture,2025-08-17,2026-09-23,,https://ansm.sante.fr/disponibilites-des-produits-de-sante/medicaments/voltarenophtabak-1-mg-ml-collyre-en-solution-et-voltarenophta-0-1-pour-cent-0-3-mg-0-3-ml-collyre-en-solution-en-recipient-unidose-diclofenac-sodique,"VOLTARENOPHTA 0,1 POUR CENT (0,3 mg/0,3 ml), collyre en solution en récipient unidose",THEA,1,S01BC03
62816512,,2,Tension d'approvisionnement,tension,2026-07-30,2026-07-31,,https://ansm.sante.fr/disponibilites-des-produits-de-sante/medicaments/ixiaro-suspension-injectable-vaccin-de-lencephalite-japonaise-inactive-adsorbe-virus-de-lencephalite-japonaise-inactive-souche-sa-14-14-2-mammifere-singe-cellules-vero,"IXIARO, suspension injectable. Vaccin de l'encéphalite japonaise (inactivé, adsorbé)",VALNEVA AUSTRIA (AUTRICHE),1,J07BA02
62816804,,2,Tension d'approvisionnement,tension,2026-06-04,2026-06-09,,https://ansm.sante.fr/disponibilites-des-produits-de-sante/medicaments/largactil-100-mg-comprime-pellicule-secable-chlorpromazine-chlorhydrate-de,"LARGACTIL 100 mg, comprimé pelliculé sécable",NEURAXPHARM FRANCE,1,N05AA01
62817482,,2,Tension d'approvisionnement,tension,2026-06-05,2026-09-25,,https://ansm.sante.fr/disponibilites-des-produits-de-sante/medicaments/dectancyl-0-5-mg-comprime-dexamethasone-acetate-de,"DECTANCYL 0,5 mg, comprimé",PHOENIX LABS (IRLANDE),1,H02AB02
62848645,,2,Tension d'approvisionnement,tension,2026-05-06,2026-10-05,,https://ansm.sante.fr/disponibilites-des-produits-de-sante/medicaments/ambrisentan-volibris-tous-dosages-ambrisentan,"AMBRISENTAN VIATRIS 10 mg, comprimé pelliculé",VIATRIS (IRLANDE),1,C02KX02
62880372,,2,Tension d'approvisionnement,tension,2023-10-06,2023-02-01,,https://ansm.sante.fr/disponibilites-des-produits-de-sante/medicaments/montelukast-comprime-5-mg-et-10-mg-montelukast-sodique,"MONTELUKAST EVOLUGEN 10 mg, comprimé pelliculé",EVOLUPHARM,1,R03DC03
62884118,,2,Tension d'approvisionnement,tension,2024-09-16,2025-05-27,,https://ansm.sante.fr/disponibilites-des-produits-de-sante/medicaments/quetiapine-lp-xeroquel-lp-50-mg-300-mg-et-400-mg-comprime-a-liberation-prolongee-quetiapine-fumarate-de,"XEROQUEL LP 400 mg, comprimé à libération prolongée",BB FARMA (ITALIE),0,
62893252,,3,Arrêt de commercialisation,arret_commercialisation,2021-04-01,2024-10-31,,https://ansm.sante.fr/disponibilites-des-produits-de-sante/medicaments/ribarivine-biogaran-200-mg-400-mg-comprime-pellicule-ribavirine,,,0,
62895812,,2,Tension d'approvisionnement,tension,2024-09-16,2025-05-27,,https://ansm.sante.fr/disponibilites-des-produits-de-sante/medicaments/quetiapine-lp-xeroquel-lp-50-mg-300-mg-et-400-mg-comprime-a-liberation-prolongee-quetiapine-fumarate-de,"QUETIAPINE ZENTIVA LP 300 mg, comprimé à libération prolongée",ZENTIVA FRANCE,1,N05AH04
62907143,3400955101369,4,Remise à disposition,remise_a_disposition,2026-08-21,2026-08-21,2026-08-21,https://ansm.sante.fr/disponibilites-des-produits-de-sante/medicaments/primaquine-sanofi-15-mg-comprime-pellicule-flacon-de-100-comprimes-avec-kit-de-reconditionnement-primaquine-diphosphate-de,"PRIMAQUINE SANOFI 15 mg, comprimé pelliculé",SANOFI WINTHROP INDUSTRIE,0,
62924833,3400957381998,1,Rupture de stock,rupture,2026-06-10,2026-09-25,,https://ansm.sante.fr/disponibilites-des-produits-de-sante/medicaments/vinorelbine-arrow-10-mg-ml-solution-a-diluer-pour-perfusion-flacon-de-1-ml-vinorelbine-tartrate-de,"VINORELBINE ARROW 10 mg/mL, solution à diluer pour perfusion",EUGIA PHARMA (MALTA) (MALTE),1,L01CA04
62924833,3400957382070,1,Rupture de stock,rupture,2026-06-10,2026-09-25,,https://ansm.sante.fr/disponibilites-des-produits-de-sante/medicaments/vinorelbine-arrow-10-mg-ml-solution-a-diluer-pour-perfusion-flacon-de-1-ml-vinorelbine-tartrate-de,"VINORELBINE ARROW 10 mg/mL, solution à diluer pour perfusion",EUGIA PHARMA (MALTA) (MALTE),1,L01CA04
62925159,,2,Tension d'approvisionnement,tension,2024-09-16,2025-05-27,,https://ansm.sante.fr/disponibilites-des-produits-de-sante/medicaments/quetiapine-lp-xeroquel-lp-50-mg-300-mg-et-400-mg-comprime-a-liberation-prolongee-quetiapine-fumarate-de,"QUETIAPINE CRISTERS LP 400 mg, comprimé à libération prolongée",CRISTERS,1,N05AH04
62931849,,2,Tension d'approvisionnement,tension,2026-09-02,2026-09-04,,https://ansm.sante.fr/disponibilites-des-produits-de-sante/medicaments/specialites-a-base-de-fluoxetine-20-mg-en-gelule-et-en-comprime-dispersible-secable-fluoxetine,"FLUOXETINE SANDOZ 20 mg, comprimé dispersible sécable",SANDOZ,1,N06AB03
62946452,,2,Tension d'approvisionnement,tension,2021-04-01,2025-12-08,,https://ansm.sante.fr/disponibilites-des-produits-de-sante/medicaments/immunoglobuline-humaine-normale-iv-et-sc-a-base-de-immunoglobuline-humaine-normale-igg,"PRIVIGEN 100 mg/ml, solution pour perfusion",CSL BEHRING (ALLEMAGNE),1,J06BA02
62961098,,2,Tension d'approvisionnement,tension,2024-07-04,2026-06-18,,https://ansm.sante.fr/disponibilites-des-produits-de-sante/medicaments/trandolapril-2-mg-et-4-mg-trandolapril,"TRANDOLAPRIL BIOGARAN 4 mg, gélule",BIOGARAN,1,C09AA10
62977049,,2,Tension d'approvisionnement,tension,2024-11-02,2024-12-04,,https://ansm.sante.fr/disponibilites-des-produits-de-sante/medicaments/specialites-a-base-daprepitant-125-mg-80-mg-et-125-mg-80-mg-gelules-aprepitant,"APREPITANT TEVA 80 mg, gélule",TEVA (PAYS-BAS),1,A04AD12
62985754,,2,Tension d'approvisionnement,tension,2022-08-17,2024-12-06,,https://ansm.sante.fr/disponibilites-des-produits-de-sante/medicaments/cinacalcet-30-mg-60-mg-et-90-mg-comprime-pellicule-cinacalcet-chlorhydrate-de,"CINACALCET TEVA 30 mg, comprimé pelliculé",TEVA SANTE,1,H05BX01
62991472,,4,Remise à disposition,remise_a_disposition,2026-04-14,2026-05-05,2026-04-14,https://ansm.sante.fr/disponibilites-des-produits-de-sante/medicaments/fluvoxamine-100-mg-comprime-pellicule-secable-fluvoxamine-maleate-de,"FLUVOXAMINE ARROW 100 mg, comprimé pelliculé sécable",ARROW GENERIQUES,1,N06AB08
63003440,,2,Tension d'approvisionnement,tension,2025-11-27,2026-06-17,,https://ansm.sante.fr/disponibilites-des-produits-de-sante/medicaments/specialites-a-base-de-propranolol-40-mg-comprime-chlorhydrate-de-propranolol,"PROPRANOLOL ARROW 40 mg, comprimé pelliculé sécable",ARROW GENERIQUES,1,C07AA05
63003440,,2,Tension d'approvisionnement,tension,2025-11-27,2026-06-17,,https://ansm.sante.fr/disponibilites-des-produits-de-sante/medicaments/specialites-a-base-de-propranolol-40-mg-comprime-chlorhydrate-de-propranolol,"PROPRANOLOL ARROW 40 mg, comprimé pelliculé sécable",ARROW GENERIQUES,1,C07AA05
63034382,,4,Remise à disposition,remise_a_disposition,2026-04-01,2026-04-09,2026-04-01,https://ansm.sante.fr/disponibilites-des-produits-de-sante/medicaments/scopoderm-tts-1-mg-72-heures-dispositif-transdermique-scopolamine,"SCOPODERM TTS 1 mg/72 heures, dispositif transdermique",BB FARMA (ITALIE),0,
63042240,,2,Tension d'approvisionnement,tension,2026-09-21,2026-09-18,,https://ansm.sante.fr/disponibilites-des-produits-de-sante/medicaments/duloxetine-30-mg-et-60-mg-gelules-gastro-resistantes-duloxetine-chlorhydrate-de,"DULOXETINE VIATRIS SANTE 60 mg, gélule gastro-résistante",VIATRIS SANTE,1,N06AX21
63076303,,2,Tension d'approvisionnement,tension,2026-09-01,2026-09-28,,https://ansm.sante.fr/disponibilites-des-produits-de-sante/medicaments/specialites-a-base-de-furosemide-20-mg-et-40-mg-en-comprimes-furosemide,"FUROSEMIDE EG 40 mg, comprimé sécable",EG LABO - LABORATOIRES EUROGENERICS,1,C03CA01
63086945,,2,Tension d'approvisionnement,tension,2023-10-06,2023-07-17,,https://ansm.sante.fr/disponibilites-des-produits-de-sante/medicaments/specialites-a-base-de-roxithromycine-150-mg-comprime-pellicule-roxithromycine,"ROXITHROMYCINE ZYDUS 150 mg, comprimé pelliculé",ZYDUS FRANCE,1,J01FA06
63095061,,4,Remise à disposition,remise_a_disposition,2026-06-24,2026-06-24,2026-06-24,https://ansm.sante.fr/disponibilites-des-produits-de-sante/medicaments/zyvoxid-100-mg-5-ml-granules-pour-suspension-buvable-linezolide,"ZYVOXID 100 mg/5 ml, granulés pour suspension buvable",PFIZER HOLDING FRANCE,1,J01XX08
63118574,,2,Tension d'approvisionnement,tension,2025-03-20,2026-04-13,,https://ansm.sante.fr/disponibilites-des-produits-de-sante/medicaments/specialites-a-base-de-venlafaxine-lp-37-5-mg-et-lp-75-mg-en-gelule-a-liberation-prolongee-venlafaxine,"VENLAFAXINE ZENTIVA LP 75 mg, gélule à libération prolongée",ZENTIVA FRANCE,1,N06AX16
63121061,,2,Tension d'approvisionnement,tension,2024-09-16,2025-05-27,,https://ansm.sante.fr/disponibilites-des-produits-de-sante/medicaments/quetiapine-lp-xeroquel-lp-50-mg-300-mg-et-400-mg-comprime-a-liberation-prolongee-quetiapine-fumarate-de,"QUETIAPINE BIOGARAN LP 300 mg, comprimé à libération prolongée",BIOGARAN,1,N05AH04
63131269,,4,Remise à disposition,remise_a_disposition,2026-09-15,2026-09-15,2026-09-15,https://ansm.sante.fr/disponibilites-des-produits-de-sante/medicaments/alepsal-comprime-cafeine-phenobarbital,"ALEPSAL 15 mg, comprimé",TEOFARMA,0,
63172629,,2,Tension d'approvisionnement,tension,2021-04-01,2025-12-08,,https://ansm.sante.fr/disponibilites-des-produits-de-sante/medicaments/immunoglobuline-humaine-normale-iv-et-sc-a-base-de-immunoglobuline-humaine-normale-igg,"CUVITRU 200 mg/ml, solution injectable par voie sous-cutanée",BAXALTA INNOVATIONS (AUTRICHE),1,J06BA01
63185053,,3,Arrêt de commercialisation,arret_commercialisation,2017-06-01,2023-10-25,,https://ansm.sante.fr/disponibilites-des-produits-de-sante/medicaments/acadione-250-mg-comprime-drageifie-tiopronine,,,0,
63185288,,2,Tension d'approvisionnement,tension,2026-06-05,2026-09-07,,https://ansm.sante.fr/disponibilites-des-produits-de-sante/medicaments/clindamycine-600-mg-4ml-solution-injectable-clindamycine-phosphate-de,"CLINDAMYCINE KABI 600 mg/4 ml, solution injectable",FRESENIUS KABI FRANCE,0,
63193915,,2,Tension d'approvisionnement,tension,2024-11-02,2024-12-04,,https://ansm.sante.fr/disponibilites-des-produits-de-sante/medicaments/specialites-a-base-daprepitant-125-mg-80-mg-et-125-mg-80-mg-gelules-aprepitant,"APREPITANT CRISTERS 125 mg, gélule et APREPITANT CRISTERS 80 mg, gélule",CRISTERS,1,A04AD12
63301789,,2,Tension d'approvisionnement,tension,2026-09-09,2026-09-18,,https://ansm.sante.fr/disponibilites-des-produits-de-sante/medicaments/duloxetine-30-mg-et-60-mg-gelules-gastro-resistantes-duloxetine-chlorhydrate-de,,,0,
63326881,,2,Tension d'approvisionnement,tension,2025-03-20,2026-04-13,,https://ansm.sante.fr/disponibilites-des-produits-de-sante/medicaments/specialites-a-base-de-venlafaxine-lp-37-5-mg-et-lp-75-mg-en-gelule-a-liberation-prolongee-venlafaxine,"VENLAFAXINE ARROW GENERIQUES LP 37,5 mg, gélule à libération prolongée",ARROW GENERIQUES,1,N06AX16
63356668,,2,Tension d'approvisionnement,tension,2024-09-12,2025-03-27,,https://ansm.sante.fr/disponibilites-des-produits-de-sante/medicaments/clopidogrel-75-mg-comprime-pellicule-clopidogrel-hydrogenosulfate-de,"CLOPIDOGREL TEVA 75 mg, comprimé pelliculé",TEVA (PAYS-BAS),1,B01AC04
63362240,,2,Tension d'approvisionnement,tension,2026-08-25,2026-08-28,,https://ansm.sante.fr/disponibilites-des-produits-de-sante/medicaments/zypadhera-210-mg-poudre-et-solvant-pour-suspension-injectable-a-liberation-prolongee-olanzapine-pamoate-d-monohydrate,"ZYPADHERA 210 mg, poudre et solvant pour suspension injectable à libération prolongée",CHEPLAPHARM REGISTRATION (ALLEMAGNE),1,N05AH03
63369053,,4,Remise à disposition,remise_a_disposition,2026-05-29,2026-05-29,2026-05-29,https://ansm.sante.fr/disponibilites-des-produits-de-sante/medicaments/parlodel-2-5-mg-comprime-secable-bromocriptine-mesilate-de,"PARLODEL 2,5 mg, comprimé sécable",EXELTIS SANTE,1,N04BC01
63373571,,2,Tension d'approvisionnement,tension,2024-09-16,2025-05-27,,https://ansm.sante.fr/disponibilites-des-produits-de-sante/medicaments/quetiapine-lp-xeroquel-lp-50-mg-300-mg-et-400-mg-comprime-a-liberation-prolongee-quetiapine-fumarate-de,"QUETIAPINE ARROW LAB LP 300 mg, comprimé à libération prolongée",ARROW GENERIQUES,1,N05AH04
63382862,,1,Rupture de stock,rupture,2026-08-21,2026-09-11,,https://ansm.sante.fr/disponibilites-des-produits-de-sante/medicaments/kaleorid-lp-600-mg-et-1000-mg-comprimes-a-liberation-prolongee-potassium-chlorure-de,"KALEORID LP 1000 mg, comprimé à libération prolongée",KARO PHARMA (SUEDE),1,A12BA01
63389223,,2,Tension d'approvisionnement,tension,2022-08-17,2024-12-06,,https://ansm.sante.fr/disponibilites-des-produits-de-sante/medicaments/cinacalcet-30-mg-60-mg-et-90-mg-comprime-pellicule-cinacalcet-chlorhydrate-de,"CINACALCET ZENTIVA 90 mg, comprimé pelliculé",ZENTIVA FRANCE,1,H05BX01
63392333,3400933792763,2,Tension d'approvisionnement,tension,2024-03-18,2024-06-18,,https://ansm.sante.fr/disponibilites-des-produits-de-sante/medicaments/iomeron-150-250-300-350-et-400-mg-iode-ml-solution-injectable-en-100-150-200-250-et-500-ml-iomeprol,"IOMERON 250 (250 mg Iode/mL), solution injectable",BRACCO IMAGING FRANCE,1,V08AB10
63397978,,2,Tension d'approvisionnement,tension,2026-09-02,2026-09-04,,https://ansm.sante.fr/disponibilites-des-produits-de-sante/medicaments/specialites-a-base-de-fluoxetine-20-mg-en-gelule-et-en-comprime-dispersible-secable-fluoxetine,,,0,
63413610,,4,Remise à disposition,remise_a_disposition,2026-08-31,2026-09-02,2026-08-31,https://ansm.sante.fr/disponibilites-des-produits-de-sante/medicaments/divalcote-250-mg-comprime-gastro-resistant-valproate-semisodique,"DIVALCOTE 250 mg, comprimé gastro-résistant",VIATRIS SANTE,1,N03AG01
63439854,,2,Tension d'approvisionnement,tension,2024-11-02,2024-12-04,,https://ansm.sante.fr/disponibilites-des-produits-de-sante/medicaments/specialites-a-base-daprepitant-125-mg-80-mg-et-125-mg-80-mg-gelules-aprepitant,"APREPITANT ACCORD 125 mg et APREPITANT ACCORD 80 mg, gélule",ACCORD HEALTHCARE FRANCE,1,A04AD12
63468069,,2,Tension d'approvisionnement,tension,2023-10-06,2023-02-01,,https://ansm.sante.fr/disponibilites-des-produits-de-sante/medicaments/montelukast-comprime-5-mg-et-10-mg-montelukast-sodique,"MONTELUKAST SANDOZ 10 mg, comprimé pelliculé",SANDOZ,1,R03DC03
63507789,,2,Tension d'approvisionnement,tension,2025-03-20,2026-04-13,,https://ansm.sante.fr/disponibilites-des-produits-de-sante/medicaments/specialites-a-base-de-venlafaxine-lp-37-5-mg-et-lp-75-mg-en-gelule-a-liberation-prolongee-venlafaxine,"VENLAFAXINE ALTER LP 37,5 mg, gélule à libération prolongée",LABORATOIRES ALTER,0,
63513482,,2,Tension d'approvisionnement,tension,2026-07-21,2026-10-01,,https://ansm.sante.fr/disponibilites-des-produits-de-sante/medicaments/linezolide-600-mg-comprime-pellicule-linezolide,"LINEZOLIDE STRAGEN 600 mg, comprimé pelliculé",STRAGEN-FRANCE,1,J01XX08
63517071,,2,Tension d'approvisionnement,tension,2026-09-02,2026-09-04,,https://ansm.sante.fr/disponibilites-des-produits-de-sante/medicaments/specialites-a-base-de-fluoxetine-20-mg-en-gelule-et-en-comprime-dispersible-secable-fluoxetine,"FLUOXETINE BIOGARAN 20 mg, gélule",BIOGARAN,1,N06AB03
63518554,,2,Tension d'approvisionnement,tension,2026-09-01,2026-09-28,,https://ansm.sante.fr/disponibilites-des-produits-de-sante/medicaments/specialites-a-base-de-furosemide-20-mg-et-40-mg-en-comprimes-furosemide,"FUROSEMIDE ZYDUS 20 mg, comprimé",ZYDUS FRANCE,1,C03CA01
63522848,,2,Tension d'approvisionnement,tension,2026-05-13,2026-06-08,,https://ansm.sante.fr/disponibilites-des-produits-de-sante/medicaments/ropinirole-eg-2-mg-comprime-pellicule-ropinirole-chlorhydrate-de,"ROPINIROLE EG 2 mg, comprimé pelliculé",EG LABO - LABORATOIRES EUROGENERICS,1,N04BC04
63522848,,2,Tension d'approvisionnement,tension,2024-09-25,2024-10-01,,https://ansm.sante.fr/disponibilites-des-produits-de-sante/medicaments/ropinirole-lp-2-mg-4-mg-et-8-mg-comprime-pellicule-ropinirole-chlorhydrate-de,"ROPINIROLE EG 2 mg, comprimé pelliculé",EG LABO - LABORATOIRES EUROGENERICS,1,N04BC04
63564053,,2,Tension d'approvisionnement,tension,2024-09-12,2025-03-27,,https://ansm.sante.fr/disponibilites-des-produits-de-sante/medicaments/clopidogrel-75-mg-comprime-pellicule-clopidogrel-hydrogenosulfate-de,"PLAVIX 75 mg, comprimé pelliculé",SANOFI WINTHROP INDUSTRIE,1,B01AC04
63606680,,2,Tension d'approvisionnement,tension,2026-09-15,2026-09-18,,https://ansm.sante.fr/disponibilites-des-produits-de-sante/medicaments/duloxetine-30-mg-et-60-mg-gelules-gastro-resistantes-duloxetine-chlorhydrate-de,"DULOXETINE TEVA 30 mg, gélule gastro-résistante",TEVA (PAYS-BAS),1,N06AX21
63669727,,2,Tension d'approvisionnement,tension,2024-11-02,2024-12-04,,https://ansm.sante.fr/disponibilites-des-produits-de-sante/medicaments/specialites-a-base-daprepitant-125-mg-80-mg-et-125-mg-80-mg-gelules-aprepitant,"APREPITANT VIATRIS 80 mg, gélule",VIATRIS SANTE,1,A04AD12
63686057,,2,Tension d'approvisionnement,tension,2026-09-02,2026-09-04,,https://ansm.sante.fr/disponibilites-des-produits-de-sante/medicaments/specialites-a-base-de-fluoxetine-20-mg-en-gelule-et-en-comprime-dispersible-secable-fluoxetine,"FLUOXETINE ACCORD 20 mg, gélule",ACCORD HEALTHCARE FRANCE,1,N06AB03
63703396,,2,Tension d'approvisionnement,tension,2024-11-02,2024-12-04,,https://ansm.sante.fr/disponibilites-des-produits-de-sante/medicaments/specialites-a-base-daprepitant-125-mg-80-mg-et-125-mg-80-mg-gelules-aprepitant,"APREPITANT ARROW 125 mg, gélule et APREPITANT ARROW 80 mg, gélule",ARROW GENERIQUES,1,A04AD12
63730233,,2,Tension d'approvisionnement,tension,2026-09-02,2026-09-04,,https://ansm.sante.fr/disponibilites-des-produits-de-sante/medicaments/specialites-a-base-de-fluoxetine-20-mg-en-gelule-et-en-comprime-dispersible-secable-fluoxetine,"FLUOXETINE ALMUS 20 mg, gélule",BIOGARAN,1,N06AB03
63735807,,2,Tension d'approvisionnement,tension,2023-10-06,2023-02-01,,https://ansm.sante.fr/disponibilites-des-produits-de-sante/medicaments/montelukast-comprime-5-mg-et-10-mg-montelukast-sodique,"MONTELUKAST BGR 10 mg, comprimé pelliculé",BIOGARAN,1,R03DC03
63741219,,2,Tension d'approvisionnement,tension,2021-04-01,2025-12-08,,https://ansm.sante.fr/disponibilites-des-produits-de-sante/medicaments/immunoglobuline-humaine-normale-iv-et-sc-a-base-de-immunoglobuline-humaine-normale-igg,,,0,
63775634,,4,Remise à disposition,remise_a_disposition,2026-08-31,2026-09-18,2026-08-31,https://ansm.sante.fr/disponibilites-des-produits-de-sante/medicaments/bendamustine-hikma-2-5-mg-ml-poudre-pour-solution-a-diluer-pour-perfusion-bendamustine-chlorhydrate-de-monohydrate,"BENDAMUSTINE HIKMA 2,5 mg/ml, poudre pour solution à diluer pour perfusion",HIKMA FARMACEUTICA (PORTUGAL),1,L01AA09
63806909,,4,Remise à disposition,remise_a_disposition,2026-09-25,2026-09-25,2026-09-25,https://ansm.sante.fr/disponibilites-des-produits-de-sante/medicaments/glimezit-1000-mg-comprime-effervescent-metformine-chlorhydrate-de,"GLIMEZIT 1000 mg, comprimé effervescent",UNI-PHARMA KLEON TSETIS PHARMACEUTICAL LABORATORIES (GRECE),1,A10BA02
63814140,,2,Tension d'approvisionnement,tension,2026-06-18,2026-06-24,,https://ansm.sante.fr/disponibilites-des-produits-de-sante/medicaments/quasym-l-p-gelule-a-liberation-modifiee-methylphenidate-1,"QUASYM L.P. 30 mg, gélule à libération modifiée",TAKEDA PHARMACEUTICALS INTERNATIONAL (IRLANDE),1,N06BA04
63828371,,4,Remise à disposition,remise_a_disposition,2026-03-25,2026-03-25,2026-03-25,https://ansm.sante.fr/disponibilites-des-produits-de-sante/medicaments/rifamycine-chibret-1000-000-ui-pour-cent-collyre-en-solution-rifamycine-sodique,"RIFAMYCINE CHIBRET 1000 000 UI POUR CENT, collyre en solution",THEA,1,S01AA16
63833888,,2,Tension d'approvisionnement,tension,2024-11-05,2025-03-17,,https://ansm.sante.fr/disponibilites-des-produits-de-sante/medicaments/virophta-preparation-pour-collyre-lyophilisat-et-solvant-trifluridine,"VIROPHTA, préparation pour collyre (lyophilisat et solvant)",HORUS PHARMA,1,S01AD02
63877443,,1,Rupture de stock,rupture,2013-12-11,2026-06-17,,https://ansm.sante.fr/disponibilites-des-produits-de-sante/medicaments/alkonatrem-150-mg-gelule-chlorhydrate-de-demeclocycline,,,0,
63898512,,2,Tension d'approvisionnement,tension,2024-02-15,2026-06-22,,https://ansm.sante.fr/disponibilites-des-produits-de-sante/medicaments/rifinah-300-mg-150-mg-comprime-enrobe-isoniazide-rifampicine,"RIFINAH 300 mg/150 mg, comprimé enrobé",SANOFI WINTHROP INDUSTRIE,1,J04AM02
63908675,,2,Tension d'approvisionnement,tension,2025-09-30,2026-03-17,,https://ansm.sante.fr/disponibilites-des-produits-de-sante/medicaments/xenpozyme-20-mg-poudre-pour-solution-a-diluer-pour-perfusion-olipudase-alfa,"XENPOZYME 20 mg, poudre pour solution à diluer pour perfusion",SANOFI (PAYS-BAS),1,A16AB25
63912862,,1,Rupture de stock,rupture,2025-03-28,2025-07-31,,https://ansm.sante.fr/disponibilites-des-produits-de-sante/medicaments/ludiomil-25-et-75-mg-comprime-pellicule-maprotiline-chlorhydrate-de,"LUDIOMIL 25 mg, comprimé pelliculé",AMDIPHARM,1,N06AA21
63918096,,1,Rupture de stock,rupture,2024-04-04,2026-07-30,,https://ansm.sante.fr/disponibilites-des-produits-de-sante/medicaments/azactam-1-g-poudre-et-solution-pour-usage-parenteral-aztreonam,"AZACTAM 1 g, poudre pour solution injectable/pour perfusion",LABORATOIRES DELBERT,1,J01DF01
63921217,,2,Tension d'approvisionnement,tension,2026-09-01,2026-09-28,,https://ansm.sante.fr/disponibilites-des-produits-de-sante/medicaments/specialites-a-base-de-furosemide-20-mg-et-40-mg-en-comprimes-furosemide,"FUROSEMIDE BIOGARAN 20 mg, comprimé",BIOGARAN,1,C03CA01
63930084,,4,Remise à disposition,remise_a_disposition,2026-10-02,2026-10-02,2026-10-02,https://ansm.sante.fr/disponibilites-des-produits-de-sante/medicaments/concerta-lp-comprime-a-liberation-prolongee-methylphenidate-chlorhydrate-de,"CONCERTA LP 36 mg, comprimé à libération prolongée",JANSSEN CILAG,1,N06BA04
63941426,,4,Remise à disposition,remise_a_disposition,2025-11-01,2026-05-04,2025-11-01,https://ansm.sante.fr/disponibilites-des-produits-de-sante/medicaments/pylera-140-mg-125-mg-125-mg-gelule-bismuth-potassique-sous-citrate-de-metronidazole-tetracycline-chlorhydrate-de,"PYLERA 140 mg/125 mg/125 mg, gélule",LABORATOIRES JUVISE PHARMACEUTICALS,1,A02BD08
63954135,,2,Tension d'approvisionnement,tension,2026-09-11,2026-09-18,,https://ansm.sante.fr/disponibilites-des-produits-de-sante/medicaments/duloxetine-30-mg-et-60-mg-gelules-gastro-resistantes-duloxetine-chlorhydrate-de,"DULOXETINE EVOLUGEN 30 mg, gélule gastro-résistante",EVOLUPHARM,1,N06AX21
63954950,,4,Remise à disposition,remise_a_disposition,2026-07-17,2026-07-17,2026-07-17,https://ansm.sante.fr/disponibilites-des-produits-de-sante/medicaments/synarel-0-2-mg-dose-solution-pour-pulverisation-nasale-nafareline-acetate-de,"SYNAREL 0,2 mg/dose, solution pour pulvérisation nasale",PFIZER HOLDING FRANCE,1,H01CA02
63958849,,4,Remise à disposition,remise_a_disposition,2026-04-01,2026-04-09,2026-04-01,https://ansm.sante.fr/disponibilites-des-produits-de-sante/medicaments/scopoderm-tts-1-mg-72-heures-dispositif-transdermique-scopolamine,"SCOPODERM TTS 1 mg/72 heures, dispositif transdermique",BAXTER,1,A04AD01
63963814,,2,Tension d'approvisionnement,tension,2026-09-28,2026-09-18,,https://ansm.sante.fr/disponibilites-des-produits-de-sante/medicaments/duloxetine-30-mg-et-60-mg-gelules-gastro-resistantes-duloxetine-chlorhydrate-de,,,0,
64021886,,2,Tension d'approvisionnement,tension,2024-11-02,2024-12-04,,https://ansm.sante.fr/disponibilites-des-produits-de-sante/medicaments/specialites-a-base-daprepitant-125-mg-80-mg-et-125-mg-80-mg-gelules-aprepitant,"APREPITANT EG 125 mg et APREPITANT EG 80 mg, gélule",EG LABO - LABORATOIRES EUROGENERICS,1,A04AD12
64026666,,2,Tension d'approvisionnement,tension,2023-10-06,2023-07-17,,https://ansm.sante.fr/disponibilites-des-produits-de-sante/medicaments/specialites-a-base-de-roxithromycine-150-mg-comprime-pellicule-roxithromycine,"ROXITHROMYCINE SANDOZ 150 mg, comprimé pelliculé sécable",SANDOZ,1,J01FA06
64029712,,2,Tension d'approvisionnement,tension,2026-01-20,2026-09-15,,https://ansm.sante.fr/disponibilites-des-produits-de-sante/medicaments/mydriaticum-2-mg-0-4-ml-collyre-en-recipient-unidose-tropicamide,"MYDRIATICUM 2 mg/0,4 ml, collyre en récipient unidose",THEA,1,S01FA06
64126741,,4,Remise à disposition,remise_a_disposition,2026-01-19,2026-05-05,2026-01-19,https://ansm.sante.fr/disponibilites-des-produits-de-sante/medicaments/maginjectable-0-8-pour-cent-solution-injectable-magnesium-pidolate-de,"MAGINJECTABLE 0,8 POUR CENT, solution injectable",COOPER (ABRÉGÉ DE COOPERATION PHARMACEUTIQUE FRANCAISE),1,A12CC08
64127601,,2,Tension d'approvisionnement,tension,2026-07-23,2026-08-13,,https://ansm.sante.fr/disponibilites-des-produits-de-sante/medicaments/levofolinate-de-calcium-zentiva-10-mg-ml-et-25-mg-2-5-ml-solution-injectable-im-iv-calcium-levofolinate-de-hydrate,"LEVOFOLINATE DE CALCIUM ZENTIVA 10 mg/ml, solution injectable (IM/IV)",ZENTIVA FRANCE,1,V03AF04
64138003,,2,Tension d'approvisionnement,tension,2021-04-01,2025-12-08,,https://ansm.sante.fr/disponibilites-des-produits-de-sante/medicaments/immunoglobuline-humaine-normale-iv-et-sc-a-base-de-immunoglobuline-humaine-normale-igg,"GAMMANORM 165 mg/ml, solution injectable",OCTAPHARMA FRANCE,0,
64141483,,4,Remise à disposition,remise_a_disposition,2026-04-10,2026-04-10,2026-04-10,https://ansm.sante.fr/disponibilites-des-produits-de-sante/medicaments/parlodel-5-mg-et-10-mg-gelule-bromocriptine-mesilate-de,"PARLODEL 5 mg, gélule",EXELTIS SANTE,1,N04BC01
64158080,,2,Tension d'approvisionnement,tension,2026-09-02,2026-09-04,,https://ansm.sante.fr/disponibilites-des-produits-de-sante/medicaments/specialites-a-base-de-fluoxetine-20-mg-en-gelule-et-en-comprime-dispersible-secable-fluoxetine,,,0,
64174946,,4,Remise à disposition,remise_a_disposition,2026-03-26,2026-03-26,2026-03-26,https://ansm.sante.fr/disponibilites-des-produits-de-sante/medicaments/lenalidomide-mylan-gelule-lenalidomide,"LENALIDOMIDE MYLAN 10 mg, gélule",MYLAN PHARMACEUTICALS (IRLANDE),1,L04AX04
64208131,,4,Remise à disposition,remise_a_disposition,2026-06-30,2026-07-07,2026-06-30,https://ansm.sante.fr/disponibilites-des-produits-de-sante/medicaments/rifater-comprime-enrobe-isoniazide-pyrazinamid-rifampicine,"RIFATER, comprimé enrobé",SANOFI WINTHROP INDUSTRIE,1,J04AM05
64255608,,2,Tension d'approvisionnement,tension,2026-03-04,2026-07-28,,https://ansm.sante.fr/disponibilites-des-produits-de-sante/medicaments/ropinirole-0-25-mg-0-5-mg-1-mg-2-mg-et-5mg-comprime-pellicule-ropinirole,"ROPINIROLE TEVA 0,25 mg, comprimé pelliculé",TEVA SANTE,1,N04BC04
64266362,,2,Tension d'approvisionnement,tension,2024-09-25,2024-10-01,,https://ansm.sante.fr/disponibilites-des-produits-de-sante/medicaments/ropinirole-lp-2-mg-4-mg-et-8-mg-comprime-pellicule-ropinirole-chlorhydrate-de,"ROPINIROLE BIOGARAN LP 2 mg, comprimé pelliculé à libération prolongée",BIOGARAN,1,N04BC04
64269668,,2,Tension d'approvisionnement,tension,2026-09-01,2026-09-09,,https://ansm.sante.fr/disponibilites-des-produits-de-sante/medicaments/m-m-rvaxpro-poudre-et-solvant-pour-suspension-injectable-en-seringue-preremplie-vaccin-rougeoleux-des-oreillons-et-rubeoleux-vivant-virus-de-la-rougeole-virus-de-la-rubeole-virus-des-oreillons,"M-M-RVAXPRO poudre et solvant pour suspension injectable en seringue préremplie.Vaccin rougeoleux, des oreillons, et rubéoleux (vivant).",MERCK SHARP & DOHME (PAYS-BAS),1,J07BD52
64289681,,4,Remise à disposition,remise_a_disposition,2026-06-10,2026-07-16,2026-06-10,https://ansm.sante.fr/disponibilites-des-produits-de-sante/medicaments/quinimax-125-mg-comprime-pellicule-secable-cinchonidine-monochlorhydrate-de-monohydrate-cinchonine-chlorhydrate-de-dihydrate-quinidine-chlorhydrate-de-monohydrate-quinine-chlorhydrate-de,"QUINIMAX 125 mg, comprimé pelliculé sécable",SANOFI WINTHROP INDUSTRIE,1,P01BC
64293046,,2,Tension d'approvisionnement,tension,2024-09-25,2024-10-01,,https://ansm.sante.fr/disponibilites-des-produits-de-sante/medicaments/ropinirole-lp-2-mg-4-mg-et-8-mg-comprime-pellicule-ropinirole-chlorhydrate-de,"ROPINIROLE ARROW GENERIQUES 2 mg, comprimé pelliculé",ARROW GENERIQUES,1,N04BC04
64296341,,2,Tension d'approvisionnement,tension,2024-09-16,2025-05-27,,https://ansm.sante.fr/disponibilites-des-produits-de-sante/medicaments/quetiapine-lp-xeroquel-lp-50-mg-300-mg-et-400-mg-comprime-a-liberation-prolongee-quetiapine-fumarate-de,"XEROQUEL LP 400 mg, comprimé à libération prolongée",CHEPLAPHARM ARZNEIMITTEL (ALLEMAGNE),1,N05AH04
64304674,,2,Tension d'approvisionnement,tension,2026-08-06,2026-09-17,,https://ansm.sante.fr/disponibilites-des-produits-de-sante/medicaments/yellox-0-9-mg-ml-collyre-en-solution-bromfenac-sodique-sesquihydrate,"YELLOX 0,9 mg/ml, collyre en solution",BAUSCH + LOMB IRELAND (IRLANDE),1,S01BC11
64337254,,2,Tension d'approvisionnement,tension,2024-07-04,2026-06-18,,https://ansm.sante.fr/disponibilites-des-produits-de-sante/medicaments/trandolapril-2-mg-et-4-mg-trandolapril,"TRANDOLAPRIL VIATRIS 2 mg, gélule",VIATRIS SANTE,1,C09AA10
64347476,,4,Remise à disposition,remise_a_disposition,2025-10-06,2025-10-06,2025-10-06,https://ansm.sante.fr/disponibilites-des-produits-de-sante/medicaments/pegasys-90-microgrammes-135-microgrammes-et-180-microgrammes-solution-injectable-en-seringue-preremplie-peginterferon-alfa-2a,"PEGASYS 90 microgrammes, solution injectable en seringue préremplie",PHARMAAND (AUTRICHE),1,L03AB11
64360751,,2,Tension d'approvisionnement,tension,2023-10-06,2023-05-17,,https://ansm.sante.fr/disponibilites-des-produits-de-sante/medicaments/kayexalate-poudre-pour-suspension-orale-et-rectale-sodium-polystyrene-sulfonate-de,"KAYEXALATE, poudre pour suspension orale et rectale",DIFARMED (ESPAGNE),0,
64363384,,2,Tension d'approvisionnement,tension,2024-07-03,2024-12-03,,https://ansm.sante.fr/disponibilites-des-produits-de-sante/medicaments/praluent-75-mg-150-mg-et-300-mg-solution-injectable-en-stylo-pre-rempli-alirocumab-mammifere-hamster-cellules-cho,"PRALUENT 300 mg, solution injectable en stylo pré-rempli",SANOFI WINTHROP INDUSTRIE,1,C10AX14
64366900,,4,Remise à disposition,remise_a_disposition,2026-05-15,2026-05-18,2026-05-15,https://ansm.sante.fr/disponibilites-des-produits-de-sante/medicaments/fiasp-pumpcart-100-unites-ml-solution-injectable-en-cartouche-insuline-asparte-levure-saccharomyces-cerevisiae,"FIASP PUMPCART 100 unités/ml, solution injectable en cartouche",NOVO NORDISK (DANEMARK),1,A10AB05
64381382,,2,Tension d'approvisionnement,tension,2026-09-18,2026-09-18,,https://ansm.sante.fr/disponibilites-des-produits-de-sante/medicaments/duloxetine-30-mg-et-60-mg-gelules-gastro-resistantes-duloxetine-chlorhydrate-de,"DULOXETINE ACCORD 60 mg, gélule gastro-résistante",ACCORD HEALTHCARE FRANCE,1,N06AX21
64386835,,2,Tension d'approvisionnement,tension,2026-05-11,2026-05-27,,https://ansm.sante.fr/disponibilites-des-produits-de-sante/medicaments/cimzia-200-mg-solution-injectable-en-stylo-prerempli-certolizumab-pegol,"CIMZIA 200 mg, solution injectable en stylo prérempli",UCB PHARMA BELGIQUE,1,L04AB05
64388238,,2,Tension d'approvisionnement,tension,2021-04-01,2025-12-08,,https://ansm.sante.fr/disponibilites-des-produits-de-sante/medicaments/immunoglobuline-humaine-normale-iv-et-sc-a-base-de-immunoglobuline-humaine-normale-igg,"INTRATECT 50 g/L, solution pour perfusion",BIOTEST PHARMA (ALLEMAGNE),0,
64391177,,2,Tension d'approvisionnement,tension,2023-10-06,2023-02-01,,https://ansm.sante.fr/disponibilites-des-produits-de-sante/medicaments/montelukast-comprime-5-mg-et-10-mg-montelukast-sodique,"MONTELUKAST TEVA 10 mg, comprimé pelliculé",TEVA SANTE,1,R03DC03
64393420,,2,Tension d'approvisionnement,tension,2025-03-20,2026-04-13,,https://ansm.sante.fr/disponibilites-des-produits-de-sante/medicaments/specialites-a-base-de-venlafaxine-lp-37-5-mg-et-lp-75-mg-en-gelule-a-liberation-prolongee-venlafaxine,"VENLAFAXINE SANDOZ LP 75 mg, gélule à libération prolongée",SANDOZ,1,N06AX16
64420401,,2,Tension d'approvisionnement,tension,2024-09-16,2025-05-27,,https://ansm.sante.fr/disponibilites-des-produits-de-sante/medicaments/quetiapine-lp-xeroquel-lp-50-mg-300-mg-et-400-mg-comprime-a-liberation-prolongee-quetiapine-fumarate-de,"QUETIAPINE BIOGARAN LP 50 mg, comprimé à libération prolongée",BIOGARAN,1,N05AH04
64431294,,2,Tension d'approvisionnement,tension,2023-10-06,2023-02-01,,https://ansm.sante.fr/disponibilites-des-produits-de-sante/medicaments/montelukast-comprime-5-mg-et-10-mg-montelukast-sodique,"MONTELUKAST ZYDUS 10 mg, comprimé pelliculé",ZYDUS FRANCE,1,R03DC03
64460239,,2,Tension d'approvisionnement,tension,2026-09-26,2026-09-18,,https://ansm.sante.fr/disponibilites-des-produits-de-sante/medicaments/duloxetine-30-mg-et-60-mg-gelules-gastro-resistantes-duloxetine-chlorhydrate-de,"DULOXETINE ALMUS 30 mg, gélule gastro-résistante",ALMUS FRANCE,1,N06AX21
64468061,,2,Tension d'approvisionnement,tension,2024-11-02,2024-12-04,,https://ansm.sante.fr/disponibilites-des-produits-de-sante/medicaments/specialites-a-base-daprepitant-125-mg-80-mg-et-125-mg-80-mg-gelules-aprepitant,"APREPITANT SANDOZ 80 mg, gélule",SANDOZ,1,A04AD12
64468759,,2,Tension d'approvisionnement,tension,2026-09-13,2026-09-18,,https://ansm.sante.fr/disponibilites-des-produits-de-sante/medicaments/duloxetine-30-mg-et-60-mg-gelules-gastro-resistantes-duloxetine-chlorhydrate-de,"DULOXETINE ARROW 30 mg, gélule gastro-résistante",ARROW GENERIQUES,1,N06AX21
64469583,,2,Tension d'approvisionnement,tension,2026-03-04,2026-07-28,,https://ansm.sante.fr/disponibilites-des-produits-de-sante/medicaments/ropinirole-0-25-mg-0-5-mg-1-mg-2-mg-et-5mg-comprime-pellicule-ropinirole,"ROPINIROLE TEVA 0,50 mg, comprimé pelliculé",TEVA SANTE,1,N04BC04
64497789,3400955000433,1,Rupture de stock,rupture,2023-01-12,2024-11-28,,https://ansm.sante.fr/disponibilites-des-produits-de-sante/medicaments/methotrexate-accord-100-mg-ml-solution-a-diluer-pour-perfusion-flacon-de-10-ml-methotrexate,"METHOTREXATE ACCORD 100 mg/mL, solution à diluer pour perfusion",ACCORD HEALTHCARE FRANCE,1,L01BA01
64506804,,2,Tension d'approvisionnement,tension,2022-08-17,2024-12-06,,https://ansm.sante.fr/disponibilites-des-produits-de-sante/medicaments/cinacalcet-30-mg-60-mg-et-90-mg-comprime-pellicule-cinacalcet-chlorhydrate-de,"CINACALCET ACCORDPHARMA 90 mg, comprimé pelliculé",ACCORD HEALTHCARE (ESPAGNE),0,
64521852,,2,Tension d'approvisionnement,tension,2026-09-02,2026-09-04,,https://ansm.sante.fr/disponibilites-des-produits-de-sante/medicaments/specialites-a-base-de-fluoxetine-20-mg-en-gelule-et-en-comprime-dispersible-secable-fluoxetine,"FLUOXETINE ZYDUS 20 mg, comprimé dispersible sécable",ZYDUS FRANCE,1,N06AB03
64548283,,4,Remise à disposition,remise_a_disposition,2026-04-24,2026-04-27,2026-04-24,https://ansm.sante.fr/disponibilites-des-produits-de-sante/medicaments/dopamine-viatris-40-mg-ml-solution-pour-perfusion-dopamine-chlorhydrate-de,"DOPAMINE VIATRIS 40 mg/ml, solution pour perfusion",VIATRIS SANTE,1,C01CA04
64582182,,4,Remise à disposition,remise_a_disposition,2026-09-18,2026-09-18,2026-09-18,https://ansm.sante.fr/disponibilites-des-produits-de-sante/medicaments/levmentin-1-g-200-mg-poudre-pour-solution-injectable-pour-perfusion-iv-amoxicilline-sodique-potassium-clavulanate-de,"LEVMENTIN 1 g/200 mg, poudre pour solution injectable/pour perfusion (IV)",LABORATOIRES DELBERT,1,J01CR02
64582563,,2,Tension d'approvisionnement,tension,2024-07-23,2026-09-18,,https://ansm.sante.fr/disponibilites-des-produits-de-sante/medicaments/paliperidone-teva-suspension-injectable-a-liberation-prolongee-paliperidone,"PALIPERIDONE TEVA 75 mg, suspension injectable à libération prolongée",TEVA (PAYS-BAS),1,N05AX13
64588580,,2,Tension d'approvisionnement,tension,2026-06-18,2026-06-24,,https://ansm.sante.fr/disponibilites-des-produits-de-sante/medicaments/quasym-l-p-gelule-a-liberation-modifiee-methylphenidate-1,"QUASYM L.P. 10 mg, gélule à libération modifiée",TAKEDA PHARMACEUTICALS INTERNATIONAL (IRLANDE),1,N06BA04
64590923,3400955090250,2,Tension d'approvisionnement,tension,2023-11-08,2026-09-16,,https://ansm.sante.fr/disponibilites-des-produits-de-sante/medicaments/fluorouracile-pfizer-50-mg-ml-solution-a-diluer-pour-perfusion-flacon-de-100-ml-fluorouracile,"FLUOROURACILE PFIZER 50 mg/mL, solution à diluer pour perfusion",PFIZER HOLDING FRANCE,1,L01BC02
64603331,3400939314204,4,Remise à disposition,remise_a_disposition,2026-09-17,2026-09-22,2026-09-17,https://ansm.sante.fr/disponibilites-des-produits-de-sante/medicaments/tarka-lp-240-mg-2-mg-comprime-pellicule-a-liberation-prolongee-boite-de-90-comprimes-trandolapril-verapamil-chlorhydrate-de,"TARKA LP 240 mg/2 mg, comprimé pelliculé à libération prolongée",VIATRIS MEDICAL,1,C09BB10
64603331,3400939314433,4,Remise à disposition,remise_a_disposition,2026-09-17,2026-09-22,2026-09-17,https://ansm.sante.fr/disponibilites-des-produits-de-sante/medicaments/tarka-lp-240-mg-2-mg-comprime-pellicule-a-liberation-prolongee-boite-de-90-comprimes-trandolapril-verapamil-chlorhydrate-de,"TARKA LP 240 mg/2 mg, comprimé pelliculé à libération prolongée",VIATRIS MEDICAL,1,C09BB10
64606555,,4,Remise à disposition,remise_a_disposition,2026-07-22,2026-07-24,2026-07-22,https://ansm.sante.fr/disponibilites-des-produits-de-sante/medicaments/synacthene-0-25-mg-1-ml-solution-injectable-tetracosactide,"SYNACTHENE 0,25 mg/1 ml, solution injectable",ALFASIGMA (ITALIE),1,H01AA02
64610112,,2,Tension d'approvisionnement,tension,2024-09-25,2024-10-01,,https://ansm.sante.fr/disponibilites-des-produits-de-sante/medicaments/ropinirole-lp-2-mg-4-mg-et-8-mg-comprime-pellicule-ropinirole-chlorhydrate-de,"ROPINIROLE SANDOZ LP 4 mg, comprimé pelliculé à libération prolongée",SANDOZ,1,N04BC04
64610621,,1,Rupture de stock,rupture,2026-06-22,2026-10-05,,https://ansm.sante.fr/disponibilites-des-produits-de-sante/medicaments/bicafres-1000-mg-comprime-gastro-resistant-sodium-bicarbonate-de,"BICAFRES 1000 mg, comprimé gastro-résistant",FRESENIUS MEDICAL CARE DEUTSCHLAND (ALLEMAGNE),0,
64615821,,4,Remise à disposition,remise_a_disposition,2026-05-04,2026-05-28,2026-05-04,https://ansm.sante.fr/disponibilites-des-produits-de-sante/medicaments/extencilline-1-2-mui-poudre-et-solvant-pour-suspension-injectable-im-benzathine-benzylpenicilline,"EXTENCILLINE 1,2 MUI, poudre et solvant pour suspension injectable IM",LABORATOIRES DELBERT,1,J01CE08
64633851,,2,Tension d'approvisionnement,tension,2024-09-16,2025-05-27,,https://ansm.sante.fr/disponibilites-des-produits-de-sante/medicaments/quetiapine-lp-xeroquel-lp-50-mg-300-mg-et-400-mg-comprime-a-liberation-prolongee-quetiapine-fumarate-de,"QUETIAPINE ARROW LP 400 mg, comprimé à libération prolongée",ARROW GENERIQUES,0,
64635418,,2,Tension d'approvisionnement,tension,2026-01-29,2026-04-07,,https://ansm.sante.fr/disponibilites-des-produits-de-sante/medicaments/endoxan-500-et-1000-mg-poudre-pour-solution-injectable-cyclophosphamide,"ENDOXAN 500 mg, poudre pour solution injectable",BAXTER,1,L01AA01
64636979,,2,Tension d'approvisionnement,tension,2023-10-06,2023-02-01,,https://ansm.sante.fr/disponibilites-des-produits-de-sante/medicaments/montelukast-comprime-5-mg-et-10-mg-montelukast-sodique,"MONTELUKAST CRISTERS PHARMA 5 mg, comprimé à croquer",SUN PHARMA FRANCE,1,R03DC03
64637807,,2,Tension d'approvisionnement,tension,2023-12-20,2026-08-27,,https://ansm.sante.fr/disponibilites-des-produits-de-sante/medicaments/visudyne-15-mg-poudre-pour-solution-pour-perfusion-verteporfine,"VISUDYNE 15 mg, poudre pour solution pour perfusion",CHEPLAPHARM ARZNEIMITTEL (ALLEMAGNE),1,S01LA01
64656654,,2,Tension d'approvisionnement,tension,2022-08-17,2024-12-06,,https://ansm.sante.fr/disponibilites-des-produits-de-sante/medicaments/cinacalcet-30-mg-60-mg-et-90-mg-comprime-pellicule-cinacalcet-chlorhydrate-de,"CINACALCET TEVA 90 mg, comprimé pelliculé",TEVA SANTE,1,H05BX01
64664996,,2,Tension d'approvisionnement,tension,2026-03-17,2026-07-24,,https://ansm.sante.fr/disponibilites-des-produits-de-sante/medicaments/bosentan-125-mg-comprime-pellicule-bosentan-monohydrate,"BOSENTAN SUN 125 mg, comprimé pelliculé",SUN PHARMACEUTICAL INDUSTRIES EUROPE (PAYS BAS),0,
64667202,,1,Rupture de stock,rupture,2023-07-20,2025-08-22,,https://ansm.sante.fr/disponibilites-des-produits-de-sante/medicaments/granupas-4-g-granules-gastro-resistants-aminosalicylique-acide,"GRANUPAS 4 g, granulés gastro-résistants",EUROCEPT INTERNATIONAL (PAYS-BAS),0,
64673002,,2,Tension d'approvisionnement,tension,2026-05-06,2026-10-05,,https://ansm.sante.fr/disponibilites-des-produits-de-sante/medicaments/ambrisentan-volibris-tous-dosages-ambrisentan,"AMBRISENTAN TEVA 10 mg, comprimé pelliculé",TEVA (PAYS-BAS),1,C02KX02
64692337,,2,Tension d'approvisionnement,tension,2024-09-25,2024-10-01,,https://ansm.sante.fr/disponibilites-des-produits-de-sante/medicaments/ropinirole-lp-2-mg-4-mg-et-8-mg-comprime-pellicule-ropinirole-chlorhydrate-de,"ROPINIROLE ARROW LP 8 mg, comprimé pelliculé à libération prolongée",ARROW GENERIQUES,1,N04BC04
64699367,,4,Remise à disposition,remise_a_disposition,2026-05-04,2026-05-28,2026-05-04,https://ansm.sante.fr/disponibilites-des-produits-de-sante/medicaments/extencilline-2-4-mui-poudre-et-solvant-pour-suspension-injectable-im-benzathine-benzylpenicilline,"EXTENCILLINE 2,4 MUI, poudre et solvant pour suspension injectable IM",LABORATOIRES DELBERT,0,
64700691,,2,Tension d'approvisionnement,tension,2021-04-01,2025-12-08,,https://ansm.sante.fr/disponibilites-des-produits-de-sante/medicaments/immunoglobuline-humaine-normale-iv-et-sc-a-base-de-immunoglobuline-humaine-normale-igg,"CUTAQUIG 165 mg/mL, solution injectable",OCTAPHARMA FRANCE,0,
64708962,,2,Tension d'approvisionnement,tension,2023-10-06,2023-02-01,,https://ansm.sante.fr/disponibilites-des-produits-de-sante/medicaments/montelukast-comprime-5-mg-et-10-mg-montelukast-sodique,"SINGULAIR 5 mg, comprimé à croquer",DIFARMED (ESPAGNE),0,
64723206,,2,Tension d'approvisionnement,tension,2023-10-06,2023-02-01,,https://ansm.sante.fr/disponibilites-des-produits-de-sante/medicaments/montelukast-comprime-5-mg-et-10-mg-montelukast-sodique,"MONTELUKAST VIATRIS 10 mg, comprimé pelliculé",VIATRIS SANTE,1,R03DC03
64741268,3400955044987,2,Tension d'approvisionnement,tension,2024-04-22,2025-02-12,,https://ansm.sante.fr/disponibilites-des-produits-de-sante/medicaments/heparine-calcique-25-000-ui-ml-solution-injectable-en-seringue-pre-remplie-s-c-de-0-2-ml-et-0-3-ml-calciparine-5-000-ui-0-2-ml-et-7-500-ui-0-3-ml-solution-injectable-en-seringue-pre-remplie-s-c-heparine-calcique,"HEPARINE CALCIQUE PANPHARMA 25 000 UI/mL, solution injectable en seringue préremplie (S.C.)",PANPHARMA,1,B01AB01
64741268,3400955044994,2,Tension d'approvisionnement,tension,2024-04-22,2025-02-12,,https://ansm.sante.fr/disponibilites-des-produits-de-sante/medicaments/heparine-calcique-25-000-ui-ml-solution-injectable-en-seringue-pre-remplie-s-c-de-0-2-ml-et-0-3-ml-calciparine-5-000-ui-0-2-ml-et-7-500-ui-0-3-ml-solution-injectable-en-seringue-pre-remplie-s-c-heparine-calcique,"HEPARINE CALCIQUE PANPHARMA 25 000 UI/mL, solution injectable en seringue préremplie (S.C.)",PANPHARMA,1,B01AB01
64747367,3400930282250,2,Tension d'approvisionnement,tension,2024-03-18,2024-06-18,,https://ansm.sante.fr/disponibilites-des-produits-de-sante/medicaments/iomeron-150-250-300-350-et-400-mg-iode-ml-solution-injectable-en-100-150-200-250-et-500-ml-iomeprol,"IOMERON 350 (350 mg Iode/mL), solution injectable",BRACCO IMAGING FRANCE,1,V08AB10
64747367,3400933794316,2,Tension d'approvisionnement,tension,2024-03-18,2024-06-18,,https://ansm.sante.fr/disponibilites-des-produits-de-sante/medicaments/iomeron-150-250-300-350-et-400-mg-iode-ml-solution-injectable-en-100-150-200-250-et-500-ml-iomeprol,"IOMERON 350 (350 mg Iode/mL), solution injectable",BRACCO IMAGING FRANCE,1,V08AB10
64747367,3400933794545,2,Tension d'approvisionnement,tension,2024-03-18,2024-06-18,,https://ansm.sante.fr/disponibilites-des-produits-de-sante/medicaments/iomeron-150-250-300-350-et-400-mg-iode-ml-solution-injectable-en-100-150-200-250-et-500-ml-iomeprol,"IOMERON 350 (350 mg Iode/mL), solution injectable",BRACCO IMAGING FRANCE,1,V08AB10
64747367,3400933794774,2,Tension d'approvisionnement,tension,2024-03-18,2024-06-18,,https://ansm.sante.fr/disponibilites-des-produits-de-sante/medicaments/iomeron-150-250-300-350-et-400-mg-iode-ml-solution-injectable-en-100-150-200-250-et-500-ml-iomeprol,"IOMERON 350 (350 mg Iode/mL), solution injectable",BRACCO IMAGING FRANCE,1,V08AB10
64754536,,1,Rupture de stock,rupture,2026-02-16,2026-02-18,,https://ansm.sante.fr/disponibilites-des-produits-de-sante/medicaments/gastrografine-370-mg-diode-ml-solution-buvable-ou-rectale-amidotrizoate-de-sodium-meglumine-amidotrizoate-de,"GASTROGRAFINE 370 mg d'iode/mL, solution buvable ou rectale",BAYER HEALTHCARE,1,V08AA01
64760254,,2,Tension d'approvisionnement,tension,2024-07-18,2026-10-02,,https://ansm.sante.fr/disponibilites-des-produits-de-sante/medicaments/xeplion-suspension-injectable-a-liberation-prolongee-paliperidone,"XEPLION 150 mg, suspension injectable à libération prolongée",JANSSEN CILAG INTERNATIONAL NV,1,N05AX13
64799798,,2,Tension d'approvisionnement,tension,2026-09-29,2026-09-18,,https://ansm.sante.fr/disponibilites-des-produits-de-sante/medicaments/duloxetine-30-mg-et-60-mg-gelules-gastro-resistantes-duloxetine-chlorhydrate-de,,,0,
64803271,,2,Tension d'approvisionnement,tension,2024-11-02,2024-12-04,,https://ansm.sante.fr/disponibilites-des-produits-de-sante/medicaments/specialites-a-base-daprepitant-125-mg-80-mg-et-125-mg-80-mg-gelules-aprepitant,"APREPITANT ACCORD 125 mg, gélule",ACCORD HEALTHCARE FRANCE,1,A04AD12
64805678,,1,Rupture de stock,rupture,2024-02-14,2026-09-01,,https://ansm.sante.fr/disponibilites-des-produits-de-sante/medicaments/nexviadyme-100-mg-poudre-pour-solution-a-diluer-pour-perfusion-avalglucosidase-alfa,"NEXVIADYME 100 mg, poudre pour solution à diluer pour perfusion",SANOFI (PAYS-BAS),1,A16AB22
64822649,,2,Tension d'approvisionnement,tension,2024-09-16,2025-05-27,,https://ansm.sante.fr/disponibilites-des-produits-de-sante/medicaments/quetiapine-lp-xeroquel-lp-50-mg-300-mg-et-400-mg-comprime-a-liberation-prolongee-quetiapine-fumarate-de,"XEROQUEL LP 50 mg, comprimé à libération prolongée",BB FARMA (ITALIE),0,
64847937,,2,Tension d'approvisionnement,tension,2025-03-20,2026-04-13,,https://ansm.sante.fr/disponibilites-des-produits-de-sante/medicaments/specialites-a-base-de-venlafaxine-lp-37-5-mg-et-lp-75-mg-en-gelule-a-liberation-prolongee-venlafaxine,"VENLAFAXINE EG LABO LP 37,5 mg, gélule à libération prolongée",EG LABO - LABORATOIRES EUROGENERICS,1,N06AX16
64860361,,2,Tension d'approvisionnement,tension,2025-03-20,2026-04-13,,https://ansm.sante.fr/disponibilites-des-produits-de-sante/medicaments/specialites-a-base-de-venlafaxine-lp-37-5-mg-et-lp-75-mg-en-gelule-a-liberation-prolongee-venlafaxine,"VENLAFAXINE VIATRIS LP 37,5 mg, gélule à libération prolongée",VIATRIS SANTE,1,N06AX16
64925631,,2,Tension d'approvisionnement,tension,2024-09-16,2025-05-27,,https://ansm.sante.fr/disponibilites-des-produits-de-sante/medicaments/quetiapine-lp-xeroquel-lp-50-mg-300-mg-et-400-mg-comprime-a-liberation-prolongee-quetiapine-fumarate-de,"QUETIAPINE ACCORD LP 50 mg, comprimé à libération prolongée",ACCORD HEALTHCARE FRANCE,1,N05AH04
64930518,,4,Remise à disposition,remise_a_disposition,2026-09-29,2026-09-29,2026-09-29,https://ansm.sante.fr/disponibilites-des-produits-de-sante/medicaments/metoprolol-sandoz-50-mg-comprime-metoprolol-tartrate-de,"METOPROLOL SANDOZ 50 mg, comprimé",SANDOZ,1,C07AB02
64937231,,2,Tension d'approvisionnement,tension,2022-08-08,2026-09-08,,https://ansm.sante.fr/disponibilites-des-produits-de-sante/medicaments/folinate-de-calcium-10-mg-ml-solution-injectable-pour-perfusion-folinate-et-levofolinate-de-calcium,"FOLINATE DE CALCIUM AGUETTANT 50 mg, poudre pour solution injectable",AGUETTANT,0,
64942100,,2,Tension d'approvisionnement,tension,2025-02-04,2026-06-16,,https://ansm.sante.fr/disponibilites-des-produits-de-sante/medicaments/risperidone-0-5-mg-1-mg-2-mg-et-4-mg-comprime-orodispersible-risperidone,"RISPERIDONE VIATRIS 0,5 mg, comprimé orodispersible",VIATRIS SANTE,1,N05AX08
64959295,,2,Tension d'approvisionnement,tension,2025-03-20,2026-04-13,,https://ansm.sante.fr/disponibilites-des-produits-de-sante/medicaments/specialites-a-base-de-venlafaxine-lp-37-5-mg-et-lp-75-mg-en-gelule-a-liberation-prolongee-venlafaxine,"VENLAFAXINE ARROW GENERIQUES LP 75 mg, gélule à libération prolongée",ARROW GENERIQUES,1,N06AX16
64982194,,2,Tension d'approvisionnement,tension,2024-11-02,2024-12-04,,https://ansm.sante.fr/disponibilites-des-produits-de-sante/medicaments/specialites-a-base-daprepitant-125-mg-80-mg-et-125-mg-80-mg-gelules-aprepitant,"APREPITANT ZENTIVA 125 mg, gélule et APREPITANT ZENTIVA 80 mg, gélule",ZENTIVA FRANCE,1,A04AD12
64984843,3400930012284,2,Tension d'approvisionnement,tension,2023-10-13,2025-10-08,,https://ansm.sante.fr/disponibilites-des-produits-de-sante/medicaments/eurobiol-40-000-u-gelule-gastro-resistante-poudre-de-pancreas,"EUROBIOL 40 000 U, gélule gastrorésistante",LABORATOIRES MAYOLY SPINDLER,1,A09AA02
65000788,,4,Remise à disposition,remise_a_disposition,2026-06-24,2026-06-24,2026-06-24,https://ansm.sante.fr/disponibilites-des-produits-de-sante/medicaments/zypadhera-300-mg-poudre-et-solvant-pour-suspension-injectable-a-liberation-prolongee-olanzapine-pamoate-d-monohydrate,"ZYPADHERA 300 mg, poudre et solvant pour suspension injectable à libération prolongée",CHEPLAPHARM REGISTRATION (ALLEMAGNE),1,N05AH03
65006702,,2,Tension d'approvisionnement,tension,2021-04-01,2025-12-08,,https://ansm.sante.fr/disponibilites-des-produits-de-sante/medicaments/immunoglobuline-humaine-normale-iv-et-sc-a-base-de-immunoglobuline-humaine-normale-igg,"GAMUNEX 100 mg/mL, solution pour perfusion",GRIFOLS DEUTSCHLAND (ALLEMAGNE),1,J06BA02
65008233,,1,Rupture de stock,rupture,2024-02-29,2025-12-22,,https://ansm.sante.fr/disponibilites-des-produits-de-sante/medicaments/colofoam-mousse-rectale-acetate-dhydrocortisone,"COLOFOAM, mousse rectale",VIATRIS MEDICAL,1,A07EA02
65012445,,2,Tension d'approvisionnement,tension,2026-09-24,2026-09-28,,https://ansm.sante.fr/disponibilites-des-produits-de-sante/medicaments/ketoprofene-pharmy-ii-100-mg-2-ml-solution-injectable-intramusculaire-i-m-ketoprofene,"KETOPROFENE PHARMY II 100 mg/2 ml, solution injectable intramusculaire (I.M.)",LABORATOIRES ETHYPHARM,0,
65013629,,4,Remise à disposition,remise_a_disposition,2026-06-10,2026-06-10,2026-06-10,https://ansm.sante.fr/disponibilites-des-produits-de-sante/medicaments/methylphenidate-eg-lp-36-mg-et-54-mg-comprime-a-liberation-prolongee-methylphenidate-chlorhydrate-de,"METHYLPHENIDATE EG LP 54 mg, comprimé à libération prolongée",EG LABO - LABORATOIRES EUROGENERICS,0,
65018658,,2,Tension d'approvisionnement,tension,2025-03-20,2026-04-13,,https://ansm.sante.fr/disponibilites-des-produits-de-sante/medicaments/specialites-a-base-de-venlafaxine-lp-37-5-mg-et-lp-75-mg-en-gelule-a-liberation-prolongee-venlafaxine,"VENLAFAXINE BIOGARAN LP 75 mg, gélule à libération prolongée",BIOGARAN,1,N06AX16
65023242,,4,Remise à disposition,remise_a_disposition,2026-04-21,2026-04-21,2026-04-21,https://ansm.sante.fr/disponibilites-des-produits-de-sante/medicaments/zypadhera-405-mg-poudre-et-solvant-pour-suspension-injectable-a-liberation-prolongee-olanzapine-pamoate-d-monohydrate,"ZYPADHERA 405 mg, poudre et solvant pour suspension injectable à libération prolongée",CHEPLAPHARM REGISTRATION (ALLEMAGNE),1,N05AH03
65061047,,2,Tension d'approvisionnement,tension,2026-02-17,2026-07-29,,https://ansm.sante.fr/disponibilites-des-produits-de-sante/medicaments/kenacort-retard-40-mg-1-ml-suspension-injectable-triamcinolone-acetonide-de,"KENACORT RETARD 40 mg/1 ml, suspension injectable",BRISTOL MYERS SQUIBB,0,
65074475,,2,Tension d'approvisionnement,tension,2025-03-20,2026-04-13,,https://ansm.sante.fr/disponibilites-des-produits-de-sante/medicaments/specialites-a-base-de-venlafaxine-lp-37-5-mg-et-lp-75-mg-en-gelule-a-liberation-prolongee-venlafaxine,"VENLAFAXINE SANDOZ LP 37,5 mg, gélule à libération prolongée",SANDOZ,1,N06AX16
65090312,,2,Tension d'approvisionnement,tension,2025-05-01,2025-10-28,,https://ansm.sante.fr/disponibilites-des-produits-de-sante/medicaments/gamme-neorecormon-solution-injectable-en-seringue-preremplie-epoetine-beta,"NEORECORMON 3000 UI, solution injectable en seringue préremplie",ROCHE REGISTRATION (ALLEMAGNE),1,B03XA01
65133272,,2,Tension d'approvisionnement,tension,2026-06-24,2026-09-18,,https://ansm.sante.fr/disponibilites-des-produits-de-sante/medicaments/paliperidone-bgr-suspension-injectable-a-liberation-prolongee-en-seringue-preremplie-paliperidone,"PALIPERIDONE BGR 50 mg, suspension injectable à libération prolongée en seringue préremplie",BIOGARAN,0,
65135519,,2,Tension d'approvisionnement,tension,2025-11-27,2026-06-17,,https://ansm.sante.fr/disponibilites-des-produits-de-sante/medicaments/specialites-a-base-de-propranolol-40-mg-comprime-chlorhydrate-de-propranolol,"PROPRANOLOL ACCORD 40 mg, comprimé pelliculé",ACCORD HEALTHCARE FRANCE,1,C07AA05
65135519,,2,Tension d'approvisionnement,tension,2025-11-27,2026-06-17,,https://ansm.sante.fr/disponibilites-des-produits-de-sante/medicaments/specialites-a-base-de-propranolol-40-mg-comprime-chlorhydrate-de-propranolol,"PROPRANOLOL ACCORD 40 mg, comprimé pelliculé",ACCORD HEALTHCARE FRANCE,1,C07AA05
65151509,,2,Tension d'approvisionnement,tension,2025-02-04,2026-06-16,,https://ansm.sante.fr/disponibilites-des-produits-de-sante/medicaments/risperidone-0-5-mg-1-mg-2-mg-et-4-mg-comprime-orodispersible-risperidone,"RISPERIDONE VIATRIS 2 mg, comprimé orodispersible",VIATRIS SANTE,1,N05AX08
65165035,,2,Tension d'approvisionnement,tension,2023-10-06,2023-07-17,,https://ansm.sante.fr/disponibilites-des-produits-de-sante/medicaments/specialites-a-base-de-roxithromycine-150-mg-comprime-pellicule-roxithromycine,"ROXITHROMYCINE EG 150 mg, comprimé pelliculé",EG LABO - LABORATOIRES EUROGENERICS,1,J01FA06
65172663,,4,Remise à disposition,remise_a_disposition,2026-07-29,2026-07-29,2026-07-29,https://ansm.sante.fr/disponibilites-des-produits-de-sante/medicaments/recarbrio-500-mg-500-mg-250-mg-poudre-pour-solution-pour-perfusion-cilastatine-sodique-imipenem-monohydrate-relebactam-monohydrate,"RECARBRIO 500 mg/500 mg/250 mg, poudre pour solution pour perfusion",MERCK SHARP & DOHME (PAYS-BAS),1,J01DH56
65225870,,2,Tension d'approvisionnement,tension,2025-02-04,2026-06-16,,https://ansm.sante.fr/disponibilites-des-produits-de-sante/medicaments/risperidone-0-5-mg-1-mg-2-mg-et-4-mg-comprime-orodispersible-risperidone,"RISPERIDONE SANDOZ 4 mg, comprimé orodispersible",SANDOZ,1,N05AX08
65232651,,2,Tension d'approvisionnement,tension,2024-11-02,2024-12-04,,https://ansm.sante.fr/disponibilites-des-produits-de-sante/medicaments/specialites-a-base-daprepitant-125-mg-80-mg-et-125-mg-80-mg-gelules-aprepitant,"APREPITANT CRISTERS 80 mg, gélule",CRISTERS,1,A04AD12
65250560,,2,Tension d'approvisionnement,tension,2023-10-06,2023-07-17,,https://ansm.sante.fr/disponibilites-des-produits-de-sante/medicaments/specialites-a-base-de-roxithromycine-150-mg-comprime-pellicule-roxithromycine,"ROXITHROMYCINE ARROW 150 mg, comprimé pelliculé",ARROW GENERIQUES,1,J01FA06
65294763,,2,Tension d'approvisionnement,tension,2024-03-08,2024-03-12,,https://ansm.sante.fr/disponibilites-des-produits-de-sante/medicaments/creon-5-000-u-granules-gastro-resistants-pancreatine,"CREON 5000 U, granulés gastro-résistants",VIATRIS MEDICAL,1,A09AA02
65301147,,2,Tension d'approvisionnement,tension,2025-03-20,2026-04-13,,https://ansm.sante.fr/disponibilites-des-produits-de-sante/medicaments/specialites-a-base-de-venlafaxine-lp-37-5-mg-et-lp-75-mg-en-gelule-a-liberation-prolongee-venlafaxine,"VENLAFAXINE BLUEFISH LP 37,5 mg, gélule à libération prolongée",BLUEFISH PHARMACEUTICALS (SUEDE),0,
65312236,,2,Tension d'approvisionnement,tension,2025-03-20,2026-04-13,,https://ansm.sante.fr/disponibilites-des-produits-de-sante/medicaments/specialites-a-base-de-venlafaxine-lp-37-5-mg-et-lp-75-mg-en-gelule-a-liberation-prolongee-venlafaxine,,,0,
65314130,,2,Tension d'approvisionnement,tension,2024-11-02,2024-12-04,,https://ansm.sante.fr/disponibilites-des-produits-de-sante/medicaments/specialites-a-base-daprepitant-125-mg-80-mg-et-125-mg-80-mg-gelules-aprepitant,"APREPITANT EVOLUGEN 125 mg, gélule et APREPITANT EVOLUGEN 80 mg, gélule",EVOLUPHARM,1,A04AD12
65324797,,2,Tension d'approvisionnement,tension,2023-10-06,2023-02-01,,https://ansm.sante.fr/disponibilites-des-produits-de-sante/medicaments/montelukast-comprime-5-mg-et-10-mg-montelukast-sodique,"SINGULAIR 5 mg, comprimé à croquer",ORGANON FRANCE,1,R03DC03
65338028,,1,Rupture de stock,rupture,2026-02-17,2026-08-25,,https://ansm.sante.fr/disponibilites-des-produits-de-sante/medicaments/clomid-50-mg-comprime-clomifene-citrate-de,"CLOMID 50 mg, comprimé",LABORATOIRES FIDIA,0,
65355771,,2,Tension d'approvisionnement,tension,2025-05-31,2026-05-13,,https://ansm.sante.fr/disponibilites-des-produits-de-sante/medicaments/mitomycine-accord-20-mg-poudre-pour-solution-injectable-perfusion-ou-voie-intravesicale-mitomycine,"MITOMYCINE ACCORD 20 mg, poudre pour solution injectable / perfusion ou voie intravésicale",ACCORD HEALTHCARE FRANCE,1,L01DC03
65363113,,3,Arrêt de commercialisation,arret_commercialisation,2026-01-14,2026-09-18,,https://ansm.sante.fr/disponibilites-des-produits-de-sante/medicaments/paliperidone-biogaran-suspension-injectable-a-liberation-prolongee-en-seringue-preremplie-paliperidone,"PALIPERIDONE BIOGARAN 75 mg, suspension injectable à libération prolongée en seringue préremplie",BIOGARAN,1,N05AX13
65381773,,3,Arrêt de commercialisation,arret_commercialisation,2011-11-17,2026-05-04,,https://ansm.sante.fr/disponibilites-des-produits-de-sante/medicaments/cardiorythmine-50-mg-10-ml-solution-injectable-ajmaline,,,0,
65391080,,4,Remise à disposition,remise_a_disposition,2026-09-15,2026-09-15,2026-09-15,https://ansm.sante.fr/disponibilites-des-produits-de-sante/medicaments/gardenal-50-mg-comprime-phenobarbital,"GARDENAL 50 mg, comprimé",ATNAHS PHARMA FRANCE,1,N03AA02
65393957,,2,Tension d'approvisionnement,tension,2023-10-06,2023-07-17,,https://ansm.sante.fr/disponibilites-des-produits-de-sante/medicaments/specialites-a-base-de-roxithromycine-150-mg-comprime-pellicule-roxithromycine,"RULID 150 mg, comprimé enrobé",AMDIPHARM,1,J01FA06
65394660,3400957881160,2,Tension d'approvisionnement,tension,2023-09-07,2026-04-09,,https://ansm.sante.fr/disponibilites-des-produits-de-sante/medicaments/paclitaxel-ahcl-6-mg-ml-solution-a-diluer-pour-perfusion-flacons-de-50-ml-et-100-ml-paclitaxel,"PACLITAXEL AHCL 6 mg/ml, solution à diluer pour perfusion",ACCORD HEALTHCARE FRANCE,1,L01CD01
65394660,3400958677557,2,Tension d'approvisionnement,tension,2023-09-07,2026-04-09,,https://ansm.sante.fr/disponibilites-des-produits-de-sante/medicaments/paclitaxel-ahcl-6-mg-ml-solution-a-diluer-pour-perfusion-flacons-de-50-ml-et-100-ml-paclitaxel,"PACLITAXEL AHCL 6 mg/ml, solution à diluer pour perfusion",ACCORD HEALTHCARE FRANCE,1,L01CD01
65401076,,4,Remise à disposition,remise_a_disposition,2025-11-19,2026-05-13,2025-11-19,https://ansm.sante.fr/disponibilites-des-produits-de-sante/medicaments/un-alfa-0-10-microgramme-solution-buvable-en-gouttes-alfacalcidol,"UN-ALFA 0,10 microgramme, solution buvable en gouttes",CHEPLAPHARM ARZNEIMITTEL (ALLEMAGNE),1,A11CC03
65403440,,2,Tension d'approvisionnement,tension,2025-11-11,2025-11-18,,https://ansm.sante.fr/disponibilites-des-produits-de-sante/medicaments/neosynephrine-10-faure-collyre-en-solution-phenylephrine,"NEOSYNEPHRINE 10 % FAURE, collyre en solution",EUROPHTA,0,
65419882,,2,Tension d'approvisionnement,tension,2026-09-25,2026-09-18,,https://ansm.sante.fr/disponibilites-des-produits-de-sante/medicaments/duloxetine-30-mg-et-60-mg-gelules-gastro-resistantes-duloxetine-chlorhydrate-de,"DULOXETINE BIOGARAN 60 mg, gélule gastro-résistante",BIOGARAN,1,N06AX21
65436675,,2,Tension d'approvisionnement,tension,2026-09-02,2026-09-04,,https://ansm.sante.fr/disponibilites-des-produits-de-sante/medicaments/specialites-a-base-de-fluoxetine-20-mg-en-gelule-et-en-comprime-dispersible-secable-fluoxetine,"FLUOXETINE TEVA SANTE 20 mg, comprimé dispersible sécable",TEVA SANTE,1,N06AB03
65451809,,2,Tension d'approvisionnement,tension,2023-10-06,2023-02-01,,https://ansm.sante.fr/disponibilites-des-produits-de-sante/medicaments/montelukast-comprime-5-mg-et-10-mg-montelukast-sodique,"MONTELUKAST EG 5 mg, comprimé à croquer",EG LABO - LABORATOIRES EUROGENERICS,1,R03DC03
65462588,,2,Tension d'approvisionnement,tension,2025-03-20,2026-04-13,,https://ansm.sante.fr/disponibilites-des-produits-de-sante/medicaments/specialites-a-base-de-venlafaxine-lp-37-5-mg-et-lp-75-mg-en-gelule-a-liberation-prolongee-venlafaxine,"VENLAFAXINE CRISTERS LP 75 mg, gélule à libération prolongée",CRISTERS,1,N06AX16
65475361,,2,Tension d'approvisionnement,tension,2023-10-06,2023-05-17,,https://ansm.sante.fr/disponibilites-des-produits-de-sante/medicaments/kayexalate-poudre-pour-suspension-orale-et-rectale-sodium-polystyrene-sulfonate-de,"KAYEXALATE, poudre pour suspension orale et rectale",BB FARMA (ITALIE),0,
65492097,,2,Tension d'approvisionnement,tension,2021-04-01,2025-12-08,,https://ansm.sante.fr/disponibilites-des-produits-de-sante/medicaments/immunoglobuline-humaine-normale-iv-et-sc-a-base-de-immunoglobuline-humaine-normale-igg,"OCTAGAM 50 mg/ml, solution pour perfusion",OCTAPHARMA FRANCE,1,J06BA02
65502207,3400957518288,2,Tension d'approvisionnement,tension,2026-02-25,2026-09-16,,https://ansm.sante.fr/disponibilites-des-produits-de-sante/medicaments/fluorouracile-accord-50-mg-ml-solution-a-diluer-pour-perfusion-flacon-de-100-ml-fluorouracile,"FLUOROURACILE ACCORD 50 mg/ml, solution à diluer pour perfusion",ACCORD HEALTHCARE FRANCE,1,L01BC02
65506020,,2,Tension d'approvisionnement,tension,2025-02-04,2026-06-16,,https://ansm.sante.fr/disponibilites-des-produits-de-sante/medicaments/risperidone-0-5-mg-1-mg-2-mg-et-4-mg-comprime-orodispersible-risperidone,"RISPERIDONE EG 1 mg, comprimé orodispersible",EG LABO - LABORATOIRES EUROGENERICS,1,N05AX08
65539860,,2,Tension d'approvisionnement,tension,2024-05-22,2024-05-24,,https://ansm.sante.fr/disponibilites-des-produits-de-sante/medicaments/cidermex-pommade-ophtalmique-neomycine-sulfate-de-triamcinolone-acetonide-de,"CIDERMEX, pommade ophtalmique",PAD PHARMACEUTIQUE DESGROPPES,0,
65554816,,2,Tension d'approvisionnement,tension,2024-07-18,2026-10-02,,https://ansm.sante.fr/disponibilites-des-produits-de-sante/medicaments/xeplion-suspension-injectable-a-liberation-prolongee-paliperidone,"XEPLION 50 mg, suspension injectable à libération prolongée",JANSSEN CILAG INTERNATIONAL NV,1,N05AX13
65565944,,2,Tension d'approvisionnement,tension,2025-10-06,2026-07-09,,https://ansm.sante.fr/disponibilites-des-produits-de-sante/medicaments/zentel-400-mg-comprime-et-zentel-0-4-g-10-ml-suspension-buvable-albendazole,"ZENTEL 400 mg, comprimé",GLAXOSMITHKLINE,1,P02CA03
65569273,,2,Tension d'approvisionnement,tension,2026-03-04,2026-07-28,,https://ansm.sante.fr/disponibilites-des-produits-de-sante/medicaments/ropinirole-0-25-mg-0-5-mg-1-mg-2-mg-et-5mg-comprime-pellicule-ropinirole,"ROPINIROLE TEVA 2 mg, comprimé pelliculé",TEVA SANTE,1,N04BC04
65569273,,2,Tension d'approvisionnement,tension,2024-09-25,2024-10-01,,https://ansm.sante.fr/disponibilites-des-produits-de-sante/medicaments/ropinirole-lp-2-mg-4-mg-et-8-mg-comprime-pellicule-ropinirole-chlorhydrate-de,"ROPINIROLE TEVA 2 mg, comprimé pelliculé",TEVA SANTE,1,N04BC04
65593826,,3,Arrêt de commercialisation,arret_commercialisation,2026-01-14,2026-09-18,,https://ansm.sante.fr/disponibilites-des-produits-de-sante/medicaments/paliperidone-biogaran-suspension-injectable-a-liberation-prolongee-en-seringue-preremplie-paliperidone,"PALIPERIDONE BIOGARAN 50 mg, suspension injectable à libération prolongée en seringue préremplie",BIOGARAN,1,N05AX13
65606743,,2,Tension d'approvisionnement,tension,2026-09-01,2026-09-28,,https://ansm.sante.fr/disponibilites-des-produits-de-sante/medicaments/specialites-a-base-de-furosemide-20-mg-et-40-mg-en-comprimes-furosemide,"LASILIX 40 mg, comprimé sécable",SANOFI WINTHROP INDUSTRIE,1,C03CA01
65607934,,2,Tension d'approvisionnement,tension,2022-08-08,2026-09-08,,https://ansm.sante.fr/disponibilites-des-produits-de-sante/medicaments/folinate-de-calcium-10-mg-ml-solution-injectable-pour-perfusion-folinate-et-levofolinate-de-calcium,"FOLINATE DE CALCIUM ZENTIVA 100 mg, lyophilisat pour usage parentéral",ZENTIVA FRANCE,1,V03AX
65608566,,4,Remise à disposition,remise_a_disposition,2026-05-06,2026-05-06,2026-05-06,https://ansm.sante.fr/disponibilites-des-produits-de-sante/medicaments/tegretol-20-mg-ml-suspension-buvable-carbamazepine,"TEGRETOL 20 mg/ml, suspension buvable",NOVARTIS PHARMA,1,N03AF01
65618215,,2,Tension d'approvisionnement,tension,2025-02-04,2026-06-16,,https://ansm.sante.fr/disponibilites-des-produits-de-sante/medicaments/risperidone-0-5-mg-1-mg-2-mg-et-4-mg-comprime-orodispersible-risperidone,"RISPERIDONE VIATRIS 4 mg, comprimé orodispersible",VIATRIS SANTE,1,N05AX08
65619363,,4,Remise à disposition,remise_a_disposition,2026-05-26,2026-05-26,2026-05-26,https://ansm.sante.fr/disponibilites-des-produits-de-sante/medicaments/etopophos-100-mg-lyophilisat-pour-usage-parenteral-etoposide,"ETOPOPHOS 100 mg, lyophilisat pour usage parentéral",CHEPLAPHARM ARZNEIMITTEL (ALLEMAGNE),1,L01CB01
65635346,,1,Rupture de stock,rupture,2025-02-06,2025-03-13,,https://ansm.sante.fr/disponibilites-des-produits-de-sante/medicaments/celsior-solution-pour-conservation-dorganes-acide-glutamique-calcium-chlorure-de-dihydrate-glutathion-histidine-lactobionique-acide-magnesium-chlorure-de-hexahydrate-mannitol-potassium-chlorure-de-sodium-hydroxyde-de,"CELSIOR, solution pour conservation d’organes",INSTITUT GEORGES LOPEZ,1,V07AB
65643371,,4,Remise à disposition,remise_a_disposition,2026-06-15,2026-06-15,2026-06-15,https://ansm.sante.fr/disponibilites-des-produits-de-sante/medicaments/ogivri-420-mg-poudre-pour-solution-a-diluer-pour-perfusion-trastuzumab,"OGIVRI 420 mg, poudre pour solution à diluer pour perfusion",BIOSIMILAR COLLABORATIONS IRELAND (IRLANDE),1,L01FD01
65647512,,2,Tension d'approvisionnement,tension,2024-07-03,2025-09-12,,https://ansm.sante.fr/disponibilites-des-produits-de-sante/medicaments/vitamine-b12-gerda-1000-ug-4-ml-solution-injectable-im-et-buvable-cyanocobalamine,"VITAMINE B12 GERDA 1000 µg/4 ml, solution injectable (IM) et buvable",SUBSTIPHARM,1,B03BA01
65652406,,2,Tension d'approvisionnement,tension,2024-11-02,2024-12-04,,https://ansm.sante.fr/disponibilites-des-produits-de-sante/medicaments/specialites-a-base-daprepitant-125-mg-80-mg-et-125-mg-80-mg-gelules-aprepitant,"APREPITANT ARROW 125 mg, gélule",ARROW GENERIQUES,1,A04AD12
65655384,,2,Tension d'approvisionnement,tension,2022-08-17,2024-12-06,,https://ansm.sante.fr/disponibilites-des-produits-de-sante/medicaments/cinacalcet-30-mg-60-mg-et-90-mg-comprime-pellicule-cinacalcet-chlorhydrate-de,"CINACALCET VIATRIS 30 mg, comprimé pelliculé",VIATRIS (IRLANDE),1,H05BX01
65672298,,3,Arrêt de commercialisation,arret_commercialisation,2018-03-26,2026-08-05,,https://ansm.sante.fr/disponibilites-des-produits-de-sante/medicaments/alyostal-venin-de-guepe-polistes-110-microgrammes-et-550-microgrammes-poudre-et-solvant-pour-solution-injectable-guepe-polistes-venin-de,,,0,
65692742,,2,Tension d'approvisionnement,tension,2024-09-16,2025-05-27,,https://ansm.sante.fr/disponibilites-des-produits-de-sante/medicaments/quetiapine-lp-xeroquel-lp-50-mg-300-mg-et-400-mg-comprime-a-liberation-prolongee-quetiapine-fumarate-de,"QUETIAPINE ARROW LAB LP 50 mg, comprimé à libération prolongée",ARROW GENERIQUES,1,N05AH04
65726148,,2,Tension d'approvisionnement,tension,2023-10-06,2023-02-01,,https://ansm.sante.fr/disponibilites-des-produits-de-sante/medicaments/montelukast-comprime-5-mg-et-10-mg-montelukast-sodique,"MONTELUKAST ZYDUS 5 mg, comprimé à croquer",ZYDUS FRANCE,1,R03DC03
65741417,,4,Remise à disposition,remise_a_disposition,2026-05-15,2026-05-18,2026-05-15,https://ansm.sante.fr/disponibilites-des-produits-de-sante/medicaments/fiasp-flextouch-100-unites-ml-solution-injectable-en-stylo-prerempli-insuline-asparte-levure-saccharomyces-cerevisiae,"FIASP FLEXTOUCH 100 unités/ml, solution injectable en stylo prérempli",NOVO NORDISK (DANEMARK),1,A10AB05
65761302,,2,Tension d'approvisionnement,tension,2024-09-16,2025-05-27,,https://ansm.sante.fr/disponibilites-des-produits-de-sante/medicaments/quetiapine-lp-xeroquel-lp-50-mg-300-mg-et-400-mg-comprime-a-liberation-prolongee-quetiapine-fumarate-de,"QUETIAPINE EG LP 400 mg, comprimé à libération prolongée",EG LABO - LABORATOIRES EUROGENERICS,1,N05AH04
65806466,,1,Rupture de stock,rupture,2023-10-06,2022-11-23,,https://ansm.sante.fr/disponibilites-des-produits-de-sante/medicaments/alprostadil-intsel-chimos-0-5-mg-ml-solution-injectable-alprostadil,"ALPROSTADIL INTSEL CHIMOS 0,5 mg/ml, solution injectable",INTSEL CHIMOS,0,
65820455,,2,Tension d'approvisionnement,tension,2024-09-16,2025-05-27,,https://ansm.sante.fr/disponibilites-des-produits-de-sante/medicaments/quetiapine-lp-xeroquel-lp-50-mg-300-mg-et-400-mg-comprime-a-liberation-prolongee-quetiapine-fumarate-de,"QUETIAPINE BIOGARAN LP 400 mg, comprimé à libération prolongée",BIOGARAN,1,N05AH04
65831505,,2,Tension d'approvisionnement,tension,2025-05-01,2025-10-28,,https://ansm.sante.fr/disponibilites-des-produits-de-sante/medicaments/gamme-neorecormon-solution-injectable-en-seringue-preremplie-epoetine-beta,"NEORECORMON 4000 UI, solution injectable en seringue préremplie",ROCHE REGISTRATION (ALLEMAGNE),1,B03XA01
65843062,,2,Tension d'approvisionnement,tension,2024-11-02,2024-12-04,,https://ansm.sante.fr/disponibilites-des-produits-de-sante/medicaments/specialites-a-base-daprepitant-125-mg-80-mg-et-125-mg-80-mg-gelules-aprepitant,"APREPITANT VIATRIS 125 mg, gélule et APREPITANT VIATRIS 80 mg, gélule",VIATRIS SANTE,1,A04AD12
65843557,,2,Tension d'approvisionnement,tension,2023-10-06,2023-02-01,,https://ansm.sante.fr/disponibilites-des-produits-de-sante/medicaments/montelukast-comprime-5-mg-et-10-mg-montelukast-sodique,"MONTELUKAST ACCORD 5 mg, comprimé à croquer",ACCORD HEALTHCARE FRANCE,1,R03DC03
65893318,,1,Rupture de stock,rupture,2025-05-12,2026-01-07,,https://ansm.sante.fr/disponibilites-des-produits-de-sante/medicaments/risperidone-l-p-25-mg-2-ml-37-5-mg-2-ml-et-50-mg-2-ml-poudre-et-solvant-pour-suspension-injectable-a-liberation-prolongee-en-seringue-preremplie-risperidone,"RISPERDALCONSTA L.P. 50 mg/2 ml, poudre et solvant pour suspension injectable à libération prolongée en seringue préremplie",JANSSEN CILAG,1,N05AX08
65907383,,3,Arrêt de commercialisation,arret_commercialisation,2026-01-14,2026-09-18,,https://ansm.sante.fr/disponibilites-des-produits-de-sante/medicaments/paliperidone-biogaran-suspension-injectable-a-liberation-prolongee-en-seringue-preremplie-paliperidone,"PALIPERIDONE BIOGARAN 150 mg, suspension injectable à libération prolongée en seringue préremplie",BIOGARAN,1,N05AX13
65919229,,4,Remise à disposition,remise_a_disposition,2026-06-10,2026-09-16,2026-06-10,https://ansm.sante.fr/disponibilites-des-produits-de-sante/medicaments/cufence-200-mg-gelule-trientine-dichlorhydrate-de,"CUFENCE 200 mg, gélule",UNIVAR SOLUTIONS (PAYS-BAS),1,A16AX12
65952065,,4,Remise à disposition,remise_a_disposition,2026-06-08,2026-06-08,2026-06-08,https://ansm.sante.fr/disponibilites-des-produits-de-sante/medicaments/rovamycine-1-5-millions-ui-lyophilisat-pour-usage-parenteral-spiramycine,"ROVAMYCINE 1,5 MILLIONS D'UNITES INTERNATIONALES, lyophilisat pour usage parentéral",TAMRISA ACCESS (FRANCE),1,J01FA02
65974243,,1,Rupture de stock,rupture,2024-12-20,2025-01-14,,https://ansm.sante.fr/disponibilites-des-produits-de-sante/medicaments/pomalidomide-viatris-1-2-3-et-4-mg-gelule-pomalidomide,"POMALIDOMIDE VIATRIS 2 mg, gélule",VIATRIS (IRLANDE),0,
65979151,,2,Tension d'approvisionnement,tension,2026-03-25,2026-04-02,,https://ansm.sante.fr/disponibilites-des-produits-de-sante/medicaments/lantus-solostar-100-unites-ml-solution-injectable-en-stylo-prerempli-insuline-glargine,"LANTUS SOLOSTAR 100 unités/ ml, solution injectable en stylo prérempli",SANOFI AVENTIS (ALLEMAGNE),1,A10AE04
65983662,,2,Tension d'approvisionnement,tension,2024-09-16,2025-05-27,,https://ansm.sante.fr/disponibilites-des-produits-de-sante/medicaments/quetiapine-lp-xeroquel-lp-50-mg-300-mg-et-400-mg-comprime-a-liberation-prolongee-quetiapine-fumarate-de,"QUETIAPINE TEVA LP 400 mg, comprimé à libération prolongée",TEVA SANTE,1,N05AH04
65991171,,2,Tension d'approvisionnement,tension,2023-12-01,2026-06-26,,https://ansm.sante.fr/disponibilites-des-produits-de-sante/medicaments/zophren-2-mg-ml-solution-injectable-en-ampoule-iv-ondansetron,"ZOPHREN 2 mg/ml, solution injectable en ampoule (IV)",SANDOZ,1,A04AA01
65999556,,2,Tension d'approvisionnement,tension,2026-06-25,2026-07-15,,https://ansm.sante.fr/disponibilites-des-produits-de-sante/medicaments/lariam-250-mg-comprime-secable-mefloquine,"LARIAM 250 mg, comprimé sécable",CHEPLAPHARM ARZNEIMITTEL (ALLEMAGNE),1,P01BC02
66014762,,4,Remise à disposition,remise_a_disposition,2026-09-15,2026-09-15,2026-09-15,https://ansm.sante.fr/disponibilites-des-produits-de-sante/medicaments/alepsal-comprime-cafeine-phenobarbital,"ALEPSAL 150 mg, comprimé",TEOFARMA,0,
66018611,,4,Remise à disposition,remise_a_disposition,2026-09-30,2026-09-30,2026-09-30,https://ansm.sante.fr/disponibilites-des-produits-de-sante/medicaments/tuberculine-ppd-rt-23-ajv-2t-u-0-1-ml-solution-injectable-tuberculine-ppd-rt-23,"TUBERCULINE PPD RT 23 AJV 2T.U. / 0,1 mL, solution injectable",AJ VACCINES,0,
66040892,,2,Tension d'approvisionnement,tension,2023-10-06,2023-02-01,,https://ansm.sante.fr/disponibilites-des-produits-de-sante/medicaments/montelukast-comprime-5-mg-et-10-mg-montelukast-sodique,"MONTELUKAST ZENTIVA 5 mg, comprimé à croquer",ZENTIVA FRANCE,1,R03DC03
66044086,,2,Tension d'approvisionnement,tension,2022-08-17,2024-12-06,,https://ansm.sante.fr/disponibilites-des-produits-de-sante/medicaments/cinacalcet-30-mg-60-mg-et-90-mg-comprime-pellicule-cinacalcet-chlorhydrate-de,"CINACALCET ARROW 60 mg, comprimé pelliculé sécable",ARROW GENERIQUES,1,H05BX01
66046596,,2,Tension d'approvisionnement,tension,2024-11-02,2024-12-04,,https://ansm.sante.fr/disponibilites-des-produits-de-sante/medicaments/specialites-a-base-daprepitant-125-mg-80-mg-et-125-mg-80-mg-gelules-aprepitant,"ATANTO 80 mg, gélule",ZYDUS FRANCE,0,
66056398,,2,Tension d'approvisionnement,tension,2024-09-25,2024-10-01,,https://ansm.sante.fr/disponibilites-des-produits-de-sante/medicaments/ropinirole-lp-2-mg-4-mg-et-8-mg-comprime-pellicule-ropinirole-chlorhydrate-de,"ROPINIROLE SANDOZ LP 8 mg, comprimé pelliculé à libération prolongée",SANDOZ,1,N04BC04
66069851,,1,Rupture de stock,rupture,2025-11-05,2026-07-31,,https://ansm.sante.fr/disponibilites-des-produits-de-sante/medicaments/tiberal-1-g-solution-injectable-pour-perfusion-ornidazole,"TIBERAL 1 g, solution injectable pour perfusion",SERB,0,
66086110,,2,Tension d'approvisionnement,tension,2024-09-16,2025-05-27,,https://ansm.sante.fr/disponibilites-des-produits-de-sante/medicaments/quetiapine-lp-xeroquel-lp-50-mg-300-mg-et-400-mg-comprime-a-liberation-prolongee-quetiapine-fumarate-de,"QUETIAPINE ARROW LP 300 mg, comprimé à libération prolongée",ARROW GENERIQUES,0,
66086808,,4,Remise à disposition,remise_a_disposition,2026-09-15,2026-09-15,2026-09-15,https://ansm.sante.fr/disponibilites-des-produits-de-sante/medicaments/alepsal-comprime-cafeine-phenobarbital,"ALEPSAL 100 mg, comprimé",TEOFARMA,0,
66133528,,2,Tension d'approvisionnement,tension,2026-06-24,2026-09-18,,https://ansm.sante.fr/disponibilites-des-produits-de-sante/medicaments/paliperidone-bgr-suspension-injectable-a-liberation-prolongee-en-seringue-preremplie-paliperidone,"PALIPERIDONE BGR 100 mg, suspension injectable à libération prolongée en seringue préremplie",BIOGARAN,0,
66154593,,2,Tension d'approvisionnement,tension,2025-11-01,2025-11-02,,https://ansm.sante.fr/disponibilites-des-produits-de-sante/medicaments/pentasa-1-g-et-2-g-granules-en-sachet-et-pentasa-1-g-suppositoire-mesalazine,"PENTASA 1 g, granulés en sachet",FERRING (FRANCE),1,A07EC02
66172552,,1,Rupture de stock,rupture,2025-09-24,2026-06-09,,https://ansm.sante.fr/disponibilites-des-produits-de-sante/medicaments/risperidone-3-mg-comprime-orodispersible-risperidone,"RISPERIDONE VIATRIS 3 mg, comprimé orodispersible",VIATRIS SANTE,1,N05AX08
66219105,,2,Tension d'approvisionnement,tension,2024-09-16,2025-05-27,,https://ansm.sante.fr/disponibilites-des-produits-de-sante/medicaments/quetiapine-lp-xeroquel-lp-50-mg-300-mg-et-400-mg-comprime-a-liberation-prolongee-quetiapine-fumarate-de,"QUETIAPINE CRISTERS LP 50 mg, comprimé à libération prolongée",CRISTERS,1,N05AH04
66221750,,2,Tension d'approvisionnement,tension,2026-09-02,2026-09-04,,https://ansm.sante.fr/disponibilites-des-produits-de-sante/medicaments/specialites-a-base-de-fluoxetine-20-mg-en-gelule-et-en-comprime-dispersible-secable-fluoxetine,"FLUOXETINE ARROW 20 mg, comprimé dispersible sécable",ARROW GENERIQUES,1,N06AB03
66234776,,2,Tension d'approvisionnement,tension,2022-08-17,2024-12-06,,https://ansm.sante.fr/disponibilites-des-produits-de-sante/medicaments/cinacalcet-30-mg-60-mg-et-90-mg-comprime-pellicule-cinacalcet-chlorhydrate-de,"CINACALCET ZENTIVA 60 mg, comprimé pelliculé",ZENTIVA FRANCE,1,H05BX01
66256064,,2,Tension d'approvisionnement,tension,2024-11-02,2024-12-04,,https://ansm.sante.fr/disponibilites-des-produits-de-sante/medicaments/specialites-a-base-daprepitant-125-mg-80-mg-et-125-mg-80-mg-gelules-aprepitant,"EMEND 80 mg, gélule",MERCK SHARP & DOHME (PAYS-BAS),1,A04AD12
66273327,,2,Tension d'approvisionnement,tension,2026-06-24,2026-09-18,,https://ansm.sante.fr/disponibilites-des-produits-de-sante/medicaments/paliperidone-bgr-suspension-injectable-a-liberation-prolongee-en-seringue-preremplie-paliperidone,"PALIPERIDONE BGR 150 mg, suspension injectable à libération prolongée en seringue préremplie",BIOGARAN,0,
66288464,,2,Tension d'approvisionnement,tension,2026-04-03,2026-08-10,,https://ansm.sante.fr/disponibilites-des-produits-de-sante/medicaments/dobutamine-panpharma-250-mg-20-ml-solution-a-diluer-pour-perfusion-dobutamine-chlorhydrate-de,"DOBUTAMINE PANPHARMA 250 mg/20 ml, solution à diluer pour perfusion",PANPHARMA,1,C01CA07
66299891,,2,Tension d'approvisionnement,tension,2026-09-10,2026-09-18,,https://ansm.sante.fr/disponibilites-des-produits-de-sante/medicaments/duloxetine-30-mg-et-60-mg-gelules-gastro-resistantes-duloxetine-chlorhydrate-de,,,0,
66324953,,2,Tension d'approvisionnement,tension,2024-09-12,2025-03-27,,https://ansm.sante.fr/disponibilites-des-produits-de-sante/medicaments/clopidogrel-75-mg-comprime-pellicule-clopidogrel-hydrogenosulfate-de,"CLOPIDOGREL ARROW 75 mg, comprimé pelliculé",ARROW GENERIQUES,1,B01AC04
66334292,,2,Tension d'approvisionnement,tension,2026-10-02,2026-09-18,,https://ansm.sante.fr/disponibilites-des-produits-de-sante/medicaments/duloxetine-30-mg-et-60-mg-gelules-gastro-resistantes-duloxetine-chlorhydrate-de,"DULOXETINE EG 60 mg, gélule gastro-résistante",EG LABO - LABORATOIRES EUROGENERICS,1,N06AX21
66337630,,2,Tension d'approvisionnement,tension,2023-10-06,2023-02-01,,https://ansm.sante.fr/disponibilites-des-produits-de-sante/medicaments/montelukast-comprime-5-mg-et-10-mg-montelukast-sodique,"MONTELUKAST SANDOZ 5 mg, comprimé à croquer",SANDOZ,1,R03DC03
66340014,,2,Tension d'approvisionnement,tension,2025-03-20,2026-04-13,,https://ansm.sante.fr/disponibilites-des-produits-de-sante/medicaments/specialites-a-base-de-venlafaxine-lp-37-5-mg-et-lp-75-mg-en-gelule-a-liberation-prolongee-venlafaxine,"VENLAFAXINE CRISTERS LP 37,5 mg, gélule à libération prolongée",CRISTERS,1,N06AX16
66346693,3400955024323,4,Remise à disposition,remise_a_disposition,2026-08-19,2026-08-20,2026-08-19,https://ansm.sante.fr/disponibilites-des-produits-de-sante/medicaments/heparine-calcique-panpharma-25-000-ui-ml-solution-injectable-en-seringue-pre-remplie-de-0-2-ml-s-c-heparine-calcique,"HEPARINE CALCIQUE PANPHARMA 25 000 UI/mL, solution injectable (S.C.)",PANPHARMA,1,B01AB01
66372720,,3,Arrêt de commercialisation,arret_commercialisation,2020-10-20,2025-01-28,,https://ansm.sante.fr/disponibilites-des-produits-de-sante/medicaments/iobenguane-131i-pour-therapie-cis-bio-international-370-mbq-ml-solution-pour-perfusion-iobenguane-131i,,,0,
66375339,,2,Tension d'approvisionnement,tension,2026-09-02,2026-09-04,,https://ansm.sante.fr/disponibilites-des-produits-de-sante/medicaments/specialites-a-base-de-fluoxetine-20-mg-en-gelule-et-en-comprime-dispersible-secable-fluoxetine,"FLUOXETINE EG 20 mg, comprimé dispersible sécable",EG LABO - LABORATOIRES EUROGENERICS,1,N06AB03
66377660,,2,Tension d'approvisionnement,tension,2025-02-04,2026-06-16,,https://ansm.sante.fr/disponibilites-des-produits-de-sante/medicaments/risperidone-0-5-mg-1-mg-2-mg-et-4-mg-comprime-orodispersible-risperidone,"RISPERIDONE SANDOZ 2 mg, comprimé orodispersible",SANDOZ,1,N05AX08
66390978,,2,Tension d'approvisionnement,tension,2025-02-04,2026-06-16,,https://ansm.sante.fr/disponibilites-des-produits-de-sante/medicaments/risperidone-0-5-mg-1-mg-2-mg-et-4-mg-comprime-orodispersible-risperidone,"RISPERIDONE SANDOZ 1 mg, comprimé orodispersible",SANDOZ,1,N05AX08
66415335,,2,Tension d'approvisionnement,tension,2025-11-27,2026-06-17,,https://ansm.sante.fr/disponibilites-des-produits-de-sante/medicaments/specialites-a-base-de-propranolol-40-mg-comprime-chlorhydrate-de-propranolol,"PROPRANOLOL EG 40 mg, comprimé",EG LABO - LABORATOIRES EUROGENERICS,1,C07AA05
66415335,,2,Tension d'approvisionnement,tension,2025-11-27,2026-06-17,,https://ansm.sante.fr/disponibilites-des-produits-de-sante/medicaments/specialites-a-base-de-propranolol-40-mg-comprime-chlorhydrate-de-propranolol,"PROPRANOLOL EG 40 mg, comprimé",EG LABO - LABORATOIRES EUROGENERICS,1,C07AA05
66421434,,2,Tension d'approvisionnement,tension,2026-05-07,2026-07-07,,https://ansm.sante.fr/disponibilites-des-produits-de-sante/medicaments/verkazia-1-mg-ml-collyre-en-emulsion-ciclosporine,"VERKAZIA 1 mg/mL, collyre en émulsion",SANTEN OY,1,S01XA18
66429235,,2,Tension d'approvisionnement,tension,2024-09-16,2025-05-27,,https://ansm.sante.fr/disponibilites-des-produits-de-sante/medicaments/quetiapine-lp-xeroquel-lp-50-mg-300-mg-et-400-mg-comprime-a-liberation-prolongee-quetiapine-fumarate-de,"XEROQUEL LP 300 mg, comprimé à libération prolongée",CHEPLAPHARM ARZNEIMITTEL (ALLEMAGNE),1,N05AH04
66430942,,2,Tension d'approvisionnement,tension,2025-03-20,2026-04-13,,https://ansm.sante.fr/disponibilites-des-produits-de-sante/medicaments/specialites-a-base-de-venlafaxine-lp-37-5-mg-et-lp-75-mg-en-gelule-a-liberation-prolongee-venlafaxine,"EFFEXOR L.P. 37,5 mg, gélule à libération prolongée",VIATRIS UP,1,N06AX16
66437367,,2,Tension d'approvisionnement,tension,2024-09-16,2025-05-27,,https://ansm.sante.fr/disponibilites-des-produits-de-sante/medicaments/quetiapine-lp-xeroquel-lp-50-mg-300-mg-et-400-mg-comprime-a-liberation-prolongee-quetiapine-fumarate-de,"QUETIAPINE SANDOZ LP 300 mg, comprimé à libération prolongée",SANDOZ,1,N05AH04
66457462,,2,Tension d'approvisionnement,tension,2021-04-01,2025-12-08,,https://ansm.sante.fr/disponibilites-des-produits-de-sante/medicaments/immunoglobuline-humaine-normale-iv-et-sc-a-base-de-immunoglobuline-humaine-normale-igg,"CLAIRYG 100 mg/mL, solution pour perfusion",LFB-BIOMEDICAMENTS,0,
66503721,,2,Tension d'approvisionnement,tension,2024-11-02,2024-12-04,,https://ansm.sante.fr/disponibilites-des-produits-de-sante/medicaments/specialites-a-base-daprepitant-125-mg-80-mg-et-125-mg-80-mg-gelules-aprepitant,"APREPITANT TEVA 125 mg, gélule et APREPITANT TEVA 80 mg, gélule",TEVA (PAYS-BAS),1,A04AD12
66508736,,4,Remise à disposition,remise_a_disposition,2026-09-08,2026-09-08,2026-09-08,https://ansm.sante.fr/disponibilites-des-produits-de-sante/medicaments/depakote-250-mg-comprime-gastro-resistant-valproate-semisodique,"DEPAKOTE 250 mg, comprimé gastro-résistant",SANOFI WINTHROP INDUSTRIE,1,N05AX
66593010,,2,Tension d'approvisionnement,tension,2024-09-25,2024-10-01,,https://ansm.sante.fr/disponibilites-des-produits-de-sante/medicaments/ropinirole-lp-2-mg-4-mg-et-8-mg-comprime-pellicule-ropinirole-chlorhydrate-de,"ROPINIROLE ZENTIVA LP 4 mg, comprimé pelliculé à libération prolongée",ZENTIVA FRANCE,1,N04BC04
66598317,,2,Tension d'approvisionnement,tension,2026-05-18,2026-05-21,,https://ansm.sante.fr/disponibilites-des-produits-de-sante/medicaments/acide-acetylsalicylique-75-mg-comprime-gastro-resistant-acide-acetylsalicylique,"ASPIRINE ARROW 75 mg, comprimé gastro-résistant",ARROW GENERIQUES,0,
66614262,,2,Tension d'approvisionnement,tension,2024-07-18,2026-10-02,,https://ansm.sante.fr/disponibilites-des-produits-de-sante/medicaments/xeplion-suspension-injectable-a-liberation-prolongee-paliperidone,"XEPLION 100 mg, suspension injectable à libération prolongée",JANSSEN CILAG INTERNATIONAL NV,1,N05AX13
66631817,,2,Tension d'approvisionnement,tension,2026-01-12,2026-10-01,,https://ansm.sante.fr/disponibilites-des-produits-de-sante/medicaments/lepticur-10-mg-comprime-tropatepine-chlorhydrate-de,"LEPTICUR 10 mg, comprimé",LABORATOIRES DELBERT,0,
66645368,,2,Tension d'approvisionnement,tension,2026-09-02,2026-09-04,,https://ansm.sante.fr/disponibilites-des-produits-de-sante/medicaments/specialites-a-base-de-fluoxetine-20-mg-en-gelule-et-en-comprime-dispersible-secable-fluoxetine,"FLUOXETINE VIATRIS 20 mg, gélule",VIATRIS SANTE,1,N06AB03
66652957,,2,Tension d'approvisionnement,tension,2026-09-02,2026-09-04,,https://ansm.sante.fr/disponibilites-des-produits-de-sante/medicaments/specialites-a-base-de-fluoxetine-20-mg-en-gelule-et-en-comprime-dispersible-secable-fluoxetine,"FLUOXETINE ARROW LAB 20 mg, gélule",ARROW GENERIQUES,1,N06AB03
66661251,,3,Arrêt de commercialisation,arret_commercialisation,2022-12-31,2026-04-28,,https://ansm.sante.fr/disponibilites-des-produits-de-sante/medicaments/imogam-rage-150-ui-ml-solution-injectable-immunoglobuline-humaine-rabique,"IMOGAM RAGE 150 UI/mL, solution injectable",SANOFI PASTEUR,0,
66683810,,2,Tension d'approvisionnement,tension,2026-09-02,2026-09-04,,https://ansm.sante.fr/disponibilites-des-produits-de-sante/medicaments/specialites-a-base-de-fluoxetine-20-mg-en-gelule-et-en-comprime-dispersible-secable-fluoxetine,"FLUOXETINE CRISTERS 20 mg, gélule",CRISTERS,1,N06AB03
66729097,,4,Remise à disposition,remise_a_disposition,2026-04-10,2026-04-10,2026-04-10,https://ansm.sante.fr/disponibilites-des-produits-de-sante/medicaments/parlodel-5-mg-et-10-mg-gelule-bromocriptine-mesilate-de,"PARLODEL 10 mg, gélule",EXELTIS SANTE,1,N04BC01
66731810,,2,Tension d'approvisionnement,tension,2024-09-25,2024-10-01,,https://ansm.sante.fr/disponibilites-des-produits-de-sante/medicaments/ropinirole-lp-2-mg-4-mg-et-8-mg-comprime-pellicule-ropinirole-chlorhydrate-de,"ROPINIROLE VIATRIS 2 mg, comprimé pelliculé",VIATRIS SANTE,1,N04BC04
66751738,3400930219867,2,Tension d'approvisionnement,tension,2026-08-28,2026-10-01,,https://ansm.sante.fr/disponibilites-des-produits-de-sante/medicaments/xarelto-1-mg-ml-granules-pour-supension-buvable-flacon-de-250-ml-rivaroxaban,"XARELTO 1 mg/mL, granulés pour supension buvable",BAYER AG (ALLEMAGNE),1,B01AF01
66782502,,2,Tension d'approvisionnement,tension,2022-08-08,2026-09-08,,https://ansm.sante.fr/disponibilites-des-produits-de-sante/medicaments/folinate-de-calcium-10-mg-ml-solution-injectable-pour-perfusion-folinate-et-levofolinate-de-calcium,"FOLINATE DE CALCIUM ZENTIVA 350 mg, lyophilisat pour usage parentéral",ZENTIVA FRANCE,1,V03AX
66823618,,2,Tension d'approvisionnement,tension,2025-05-01,2025-10-28,,https://ansm.sante.fr/disponibilites-des-produits-de-sante/medicaments/gamme-neorecormon-solution-injectable-en-seringue-preremplie-epoetine-beta,"NEORECORMON 10 000 UI, solution injectable en seringue préremplie",ROCHE REGISTRATION (ALLEMAGNE),1,B03XA01
66824150,,2,Tension d'approvisionnement,tension,2024-11-02,2024-12-04,,https://ansm.sante.fr/disponibilites-des-produits-de-sante/medicaments/specialites-a-base-daprepitant-125-mg-80-mg-et-125-mg-80-mg-gelules-aprepitant,"EMEND 125 mg, gélule et EMEND 80 mg, gélule",MERCK SHARP & DOHME (PAYS-BAS),1,A04AD12
66835563,,2,Tension d'approvisionnement,tension,2026-07-21,2026-10-01,,https://ansm.sante.fr/disponibilites-des-produits-de-sante/medicaments/linezolide-600-mg-comprime-pellicule-linezolide,"LINEZOLIDE EG 600 mg, comprimé pelliculé",EG LABO - LABORATOIRES EUROGENERICS,1,J01XX08
66842981,,2,Tension d'approvisionnement,tension,2024-11-02,2024-12-04,,https://ansm.sante.fr/disponibilites-des-produits-de-sante/medicaments/specialites-a-base-daprepitant-125-mg-80-mg-et-125-mg-80-mg-gelules-aprepitant,"APREPITANT BIOGARAN 80 mg, gélule",BIOGARAN,1,A04AD12
66843923,,2,Tension d'approvisionnement,tension,2026-07-08,2026-07-28,,https://ansm.sante.fr/disponibilites-des-produits-de-sante/medicaments/rythmol-300-mg-comprime-pellicule-secable-propafenone-chlorhydrate-de,"RYTHMOL 300 mg, comprimé pelliculé sécable",VIATRIS MEDICAL,1,C01BC03
66848183,,2,Tension d'approvisionnement,tension,2026-05-06,2026-10-05,,https://ansm.sante.fr/disponibilites-des-produits-de-sante/medicaments/ambrisentan-volibris-tous-dosages-ambrisentan,"VOLIBRIS 10 mg, comprimés pelliculés",GLAXOSMITHKLINE TRADING SERVICES (IRLANDE),1,C02KX02
66878792,,1,Rupture de stock,rupture,2013-06-14,2021-05-19,,https://ansm.sante.fr/disponibilites-des-produits-de-sante/medicaments/methylphenidate-viatris-lp-comprime-a-liberation-prolongee-methylphenidate-chlorhydrate-de,,,0,
66890524,,3,Arrêt de commercialisation,arret_commercialisation,2027-07-01,2026-08-07,,https://ansm.sante.fr/disponibilites-des-produits-de-sante/medicaments/nevirapine-teva-lp-400-mg-comprime-a-liberation-prolongee-nevirapine,"NEVIRAPINE TEVA LP 400 mg, comprimé à libération prolongée",TEVA SANTE,1,J05AG01
66903224,,4,Remise à disposition,remise_a_disposition,2026-03-26,2026-03-26,2026-03-26,https://ansm.sante.fr/disponibilites-des-produits-de-sante/medicaments/lenalidomide-mylan-gelule-lenalidomide,"LENALIDOMIDE MYLAN 5 mg, gélule",MYLAN PHARMACEUTICALS (IRLANDE),1,L04AX04
66910592,,2,Tension d'approvisionnement,tension,2026-03-11,2026-05-07,,https://ansm.sante.fr/disponibilites-des-produits-de-sante/medicaments/lonquex-6-mg-0-6-ml-solution-injectable-lipegfilgrastim-bacterie-escherichia-coli,"LONQUEX 6 mg/0,6 mL, solution injectable",TEVA (PAYS-BAS),0,
66930463,,1,Rupture de stock,rupture,2024-12-20,2025-01-14,,https://ansm.sante.fr/disponibilites-des-produits-de-sante/medicaments/pomalidomide-viatris-1-2-3-et-4-mg-gelule-pomalidomide,"POMALIDOMIDE VIATRIS 1 mg, gélule",VIATRIS (IRLANDE),0,
66940571,,4,Remise à disposition,remise_a_disposition,2026-07-15,2026-07-15,2026-07-15,https://ansm.sante.fr/disponibilites-des-produits-de-sante/medicaments/imbruvica-560-mg-comprime-pellicule-ibrutinib,"IMBRUVICA 560 mg, comprimé pelliculé",JANSSEN CILAG INTERNATIONAL NV,1,L01EL01
66940678,,2,Tension d'approvisionnement,tension,2022-08-17,2024-12-06,,https://ansm.sante.fr/disponibilites-des-produits-de-sante/medicaments/cinacalcet-30-mg-60-mg-et-90-mg-comprime-pellicule-cinacalcet-chlorhydrate-de,"CINACALCET ARROW 90 mg, comprimé pelliculé sécable",ARROW GENERIQUES,1,H05BX01
66951557,,2,Tension d'approvisionnement,tension,2026-09-01,2026-09-28,,https://ansm.sante.fr/disponibilites-des-produits-de-sante/medicaments/specialites-a-base-de-furosemide-20-mg-et-40-mg-en-comprimes-furosemide,"FUROSEMIDE ZYDUS 40 mg, comprimé sécable",ZYDUS FRANCE,1,C03CA01
66972380,,2,Tension d'approvisionnement,tension,2024-07-04,2026-06-18,,https://ansm.sante.fr/disponibilites-des-produits-de-sante/medicaments/trandolapril-2-mg-et-4-mg-trandolapril,"TRANDOLAPRIL BIOGARAN 2 mg, gélule",BIOGARAN,1,C09AA10
66973735,,4,Remise à disposition,remise_a_disposition,2026-05-01,2026-07-07,2026-05-01,https://ansm.sante.fr/disponibilites-des-produits-de-sante/medicaments/micropakine-l-p-250-mg-granules-a-liberation-prolongee-en-sachet-dose-acide-valproique-sodium-valproate-de,"MICROPAKINE L.P. 1 000 mg, granulés à libération prolongée en sachet-dose",SANOFI WINTHROP INDUSTRIE,1,N03AG01
66976215,,2,Tension d'approvisionnement,tension,2025-03-20,2026-04-13,,https://ansm.sante.fr/disponibilites-des-produits-de-sante/medicaments/specialites-a-base-de-venlafaxine-lp-37-5-mg-et-lp-75-mg-en-gelule-a-liberation-prolongee-venlafaxine,"VENLAFAXINE ALMUS LP 75 mg, gélule à libération prolongée",BIOGARAN,1,N06AX16
66977349,,2,Tension d'approvisionnement,tension,2025-07-11,2025-07-15,,https://ansm.sante.fr/disponibilites-des-produits-de-sante/medicaments/calciparine-sous-cutanee-12-500-ui-0-5-ml-solution-injectable-heparine-calcique,"CALCIPARINE SOUS CUTANEE 12 500 UI/0,5 mL, solution injectable",CHEPLAPHARM ARZNEIMITTEL (ALLEMAGNE),1,B01AB01
66982271,,2,Tension d'approvisionnement,tension,2026-09-22,2026-09-18,,https://ansm.sante.fr/disponibilites-des-produits-de-sante/medicaments/duloxetine-30-mg-et-60-mg-gelules-gastro-resistantes-duloxetine-chlorhydrate-de,"DULOXETINE SANDOZ 30 mg, gélule gastro-résistante",SANDOZ,1,N06AX21
67006875,,2,Tension d'approvisionnement,tension,2026-09-02,2026-09-04,,https://ansm.sante.fr/disponibilites-des-produits-de-sante/medicaments/specialites-a-base-de-fluoxetine-20-mg-en-gelule-et-en-comprime-dispersible-secable-fluoxetine,"FLUOXETINE ZENTIVA 20 mg, gélule",ZENTIVA FRANCE,1,N06AB03
67024001,,4,Remise à disposition,remise_a_disposition,2026-05-06,2026-05-06,2026-05-06,https://ansm.sante.fr/disponibilites-des-produits-de-sante/medicaments/omjjara-100-mg-comprime-pellicule-momelotinib-dichlorhydrate-de,"OMJJARA 100 mg, comprimé pelliculé",GLAXOSMITHKLINE TRADING SERVICES (IRLANDE),0,
67040436,,2,Tension d'approvisionnement,tension,2023-10-06,2023-02-01,,https://ansm.sante.fr/disponibilites-des-produits-de-sante/medicaments/montelukast-comprime-5-mg-et-10-mg-montelukast-sodique,"MONTELUKAST KRKA 10 mg, comprimé pelliculé",KRKA (SLOVENIE),1,R03DC03
67042907,,4,Remise à disposition,remise_a_disposition,2025-10-06,2025-10-06,2025-10-06,https://ansm.sante.fr/disponibilites-des-produits-de-sante/medicaments/pegasys-90-microgrammes-135-microgrammes-et-180-microgrammes-solution-injectable-en-seringue-preremplie-peginterferon-alfa-2a,"PEGASYS 135 microgrammes, solution injectable en seringue préremplie",PHARMAAND (AUTRICHE),1,L03AB11
67101782,,2,Tension d'approvisionnement,tension,2024-09-16,2025-05-27,,https://ansm.sante.fr/disponibilites-des-produits-de-sante/medicaments/quetiapine-lp-xeroquel-lp-50-mg-300-mg-et-400-mg-comprime-a-liberation-prolongee-quetiapine-fumarate-de,"XEROQUEL LP 50 mg, comprimé à libération prolongée",CHEPLAPHARM ARZNEIMITTEL (ALLEMAGNE),1,N05AH04
67122698,,2,Tension d'approvisionnement,tension,2025-11-27,2026-06-17,,https://ansm.sante.fr/disponibilites-des-produits-de-sante/medicaments/specialites-a-base-de-propranolol-40-mg-comprime-chlorhydrate-de-propranolol,"PROPRANOLOL BIOGARAN 40 mg, comprimé sécable",BIOGARAN,1,C07AA05
67122698,,2,Tension d'approvisionnement,tension,2025-11-27,2026-06-17,,https://ansm.sante.fr/disponibilites-des-produits-de-sante/medicaments/specialites-a-base-de-propranolol-40-mg-comprime-chlorhydrate-de-propranolol,"PROPRANOLOL BIOGARAN 40 mg, comprimé sécable",BIOGARAN,1,C07AA05
67128676,,2,Tension d'approvisionnement,tension,2023-10-06,2023-02-01,,https://ansm.sante.fr/disponibilites-des-produits-de-sante/medicaments/montelukast-comprime-5-mg-et-10-mg-montelukast-sodique,"SINGULAIR 10 mg, comprimé pelliculé",BB FARMA (ITALIE),0,
67131583,,3,Arrêt de commercialisation,arret_commercialisation,2025-09-30,2025-10-06,,https://ansm.sante.fr/disponibilites-des-produits-de-sante/medicaments/lasilix-retard-60-mg-gelule-furosemide,"LASILIX RETARD 60 mg, gélule",SANOFI WINTHROP INDUSTRIE,0,
67134227,,4,Remise à disposition,remise_a_disposition,2025-10-06,2025-10-06,2025-10-06,https://ansm.sante.fr/disponibilites-des-produits-de-sante/medicaments/pegasys-90-microgrammes-135-microgrammes-et-180-microgrammes-solution-injectable-en-seringue-preremplie-peginterferon-alfa-2a,"PEGASYS 180 microgrammes, solution injectable en seringue préremplie",PHARMAAND (AUTRICHE),1,L03AB11
67164971,,2,Tension d'approvisionnement,tension,2025-03-20,2026-04-13,,https://ansm.sante.fr/disponibilites-des-produits-de-sante/medicaments/specialites-a-base-de-venlafaxine-lp-37-5-mg-et-lp-75-mg-en-gelule-a-liberation-prolongee-venlafaxine,"VENLAFAXINE TEVA SANTE L.P. 37,5 mg, gélule à libération prolongée",TEVA SANTE,1,N06AX16
67199506,,4,Remise à disposition,remise_a_disposition,2026-06-18,2026-06-19,2026-06-18,https://ansm.sante.fr/disponibilites-des-produits-de-sante/medicaments/cardioxane-500-mg-poudre-pour-solution-pour-perfusion-dexrazoxane-chlorhydrate-de,"CARDIOXANE 500 mg, poudre pour solution pour perfusion",CNX THERAPEUTICS IRELAND LIMITED (IRLANDE),1,V03AF02
67203082,,2,Tension d'approvisionnement,tension,2024-07-23,2026-09-18,,https://ansm.sante.fr/disponibilites-des-produits-de-sante/medicaments/paliperidone-teva-suspension-injectable-a-liberation-prolongee-paliperidone,"PALIPERIDONE TEVA 100 mg, suspension injectable à libération prolongée",TEVA (PAYS-BAS),1,N05AX13
67216514,,2,Tension d'approvisionnement,tension,2026-09-04,2026-09-09,,https://ansm.sante.fr/disponibilites-des-produits-de-sante/medicaments/prevymis-120-mg-granules-en-sachet-letermovir,"PREVYMIS 120 mg, granulés en sachet",MERCK SHARP & DOHME (PAYS-BAS),0,
67233727,,2,Tension d'approvisionnement,tension,2024-09-12,2025-03-27,,https://ansm.sante.fr/disponibilites-des-produits-de-sante/medicaments/clopidogrel-75-mg-comprime-pellicule-clopidogrel-hydrogenosulfate-de,"CLOPIDOGREL EG LABO 75 mg, comprimé pelliculé",EG LABO - LABORATOIRES EUROGENERICS,1,B01AC04
67250203,,3,Arrêt de commercialisation,arret_commercialisation,2022-05-31,2026-09-22,,https://ansm.sante.fr/disponibilites-des-produits-de-sante/medicaments/ancotil-1-pour-cent-solution-pour-perfusion-flucytosine,"ANCOTIL 1 POUR CENT, solution pour perfusion",VIATRIS MEDICAL,0,
67255976,,2,Tension d'approvisionnement,tension,2021-04-01,2025-12-08,,https://ansm.sante.fr/disponibilites-des-produits-de-sante/medicaments/immunoglobuline-humaine-normale-iv-et-sc-a-base-de-immunoglobuline-humaine-normale-igg,"OCTAGAM 100 mg/ml, solution pour perfusion",OCTAPHARMA FRANCE,1,J06BA02
67280381,,2,Tension d'approvisionnement,tension,2025-03-20,2026-04-13,,https://ansm.sante.fr/disponibilites-des-produits-de-sante/medicaments/specialites-a-base-de-venlafaxine-lp-37-5-mg-et-lp-75-mg-en-gelule-a-liberation-prolongee-venlafaxine,"VENLAFAXINE ZENTIVA LP 37,5 mg, gélule à libération prolongée",ZENTIVA FRANCE,1,N06AX16
67292476,,2,Tension d'approvisionnement,tension,2026-08-10,2026-09-21,,https://ansm.sante.fr/disponibilites-des-produits-de-sante/medicaments/teralithe-lp-400-mg-comprime-secable-a-liberation-prolongee-lithium-carbonate-de,"TERALITHE LP 400 mg, comprimé sécable à libération prolongée",LABORATOIRES DELBERT,1,N05AN01
67298098,,2,Tension d'approvisionnement,tension,2022-08-17,2024-12-06,,https://ansm.sante.fr/disponibilites-des-produits-de-sante/medicaments/cinacalcet-30-mg-60-mg-et-90-mg-comprime-pellicule-cinacalcet-chlorhydrate-de,"CINACALCET BIOGARAN 30 mg, comprimé pelliculé",BIOGARAN,1,H05BX01
67313123,,2,Tension d'approvisionnement,tension,2025-10-13,2026-09-11,,https://ansm.sante.fr/disponibilites-des-produits-de-sante/medicaments/neosynephrine-10-faure-collyre-en-recipient-unidose-phenylephrine,"NEOSYNEPHRINE 10 POUR CENT FAURE, collyre en récipient unidose",EUROPHTA,0,
67341610,,2,Tension d'approvisionnement,tension,2023-10-06,2023-02-01,,https://ansm.sante.fr/disponibilites-des-produits-de-sante/medicaments/montelukast-comprime-5-mg-et-10-mg-montelukast-sodique,"MONTELUKAST ALTER 10 mg, comprimé pelliculé",LABORATOIRES ALTER,0,
67353712,,3,Arrêt de commercialisation,arret_commercialisation,2025-10-31,2026-06-08,,https://ansm.sante.fr/disponibilites-des-produits-de-sante/medicaments/cynomel-0-025-mg-comprime-secable-liothyronine-sodique,"CYNOMEL 0,025 mg, comprimé sécable",SANOFI WINTHROP INDUSTRIE,1,H03AA02
67357301,,2,Tension d'approvisionnement,tension,2024-09-16,2025-05-27,,https://ansm.sante.fr/disponibilites-des-produits-de-sante/medicaments/quetiapine-lp-xeroquel-lp-50-mg-300-mg-et-400-mg-comprime-a-liberation-prolongee-quetiapine-fumarate-de,"QUETIAPINE VIATRIS LP 400 mg, comprimé à libération prolongée",VIATRIS SANTE,1,N05AH04
67369481,,4,Remise à disposition,remise_a_disposition,2026-07-07,2026-07-07,2026-07-07,https://ansm.sante.fr/disponibilites-des-produits-de-sante/medicaments/micropakine-l-p-250-mg-granules-a-liberation-prolongee-en-sachet-dose-acide-valproique-sodium-valproate-de,"MICROPAKINE L.P. 250 mg, granulés à libération prolongée en sachet-dose",SANOFI WINTHROP INDUSTRIE,1,N03AG01
67401121,,4,Remise à disposition,remise_a_disposition,2026-05-04,2026-05-04,2026-05-04,https://ansm.sante.fr/disponibilites-des-produits-de-sante/medicaments/imukin-2-x-106-ui-0-1-mg-solution-injectable-interferon-gamma-1b,"IMUKIN 2 x 10<sup>6</sup> UI (0,1 mg), solution injectable",CLINIGEN HEALTHCARE (PAYS BAS),1,L03AB03
67407786,,2,Tension d'approvisionnement,tension,2026-03-17,2026-07-24,,https://ansm.sante.fr/disponibilites-des-produits-de-sante/medicaments/bosentan-125-mg-comprime-pellicule-bosentan-monohydrate,"BOSENTAN ARROW 125 mg, comprimé pelliculé sécable",ARROW GENERIQUES,1,C02KX01
67448313,,1,Rupture de stock,rupture,2023-10-06,2022-08-09,,https://ansm.sante.fr/disponibilites-des-produits-de-sante/medicaments/actosolv-100-000-ui-et-600-000-ui-poudre-pour-solution-injectable-pour-perfusion-urokinase,"ACTOSOLV 600 000 UI, poudre pour solution injectable/pour perfusion",EUMEDICA PHARMACEUTICALS (ALLEMAGNE),0,
67448384,,4,Remise à disposition,remise_a_disposition,2026-07-03,2026-07-06,2026-07-03,https://ansm.sante.fr/disponibilites-des-produits-de-sante/medicaments/megace-160-mg-comprime-megestrol-acetate-de,"MEGACE 160 mg, comprimé",BAUSCH HEALTH IRELAND (IRLANDE),1,L02AB01
67494588,,2,Tension d'approvisionnement,tension,2026-05-06,2026-10-05,,https://ansm.sante.fr/disponibilites-des-produits-de-sante/medicaments/ambrisentan-volibris-tous-dosages-ambrisentan,"AMBRISENTAN ACCORD 10 mg, comprimé pelliculé",ACCORD HEALTHCARE FRANCE,1,C02KX02
67499717,,2,Tension d'approvisionnement,tension,2023-10-06,2023-05-17,,https://ansm.sante.fr/disponibilites-des-produits-de-sante/medicaments/kayexalate-poudre-pour-suspension-orale-et-rectale-sodium-polystyrene-sulfonate-de,"KAYEXALATE, poudre pour suspension orale et rectale",SANOFI WINTHROP INDUSTRIE,1,V03AE01
67528574,,2,Tension d'approvisionnement,tension,2026-09-01,2026-09-28,,https://ansm.sante.fr/disponibilites-des-produits-de-sante/medicaments/specialites-a-base-de-furosemide-20-mg-et-40-mg-en-comprimes-furosemide,"FUROSEMIDE SANDOZ 40 mg, comprimé sécable",SANDOZ,1,C03CA01
67554633,,2,Tension d'approvisionnement,tension,2025-11-12,2025-11-19,,https://ansm.sante.fr/disponibilites-des-produits-de-sante/medicaments/neosynephrine-5-faure-collyre-en-solution-phenylephrine,"NEOSYNEPHRINE 5 % FAURE, collyre en solution",EUROPHTA,0,
67555219,,2,Tension d'approvisionnement,tension,2022-08-08,2026-09-08,,https://ansm.sante.fr/disponibilites-des-produits-de-sante/medicaments/folinate-de-calcium-10-mg-ml-solution-injectable-pour-perfusion-folinate-et-levofolinate-de-calcium,"FOLINATE DE CALCIUM ALTAN 50 mg, poudre pour solution injectable",ALTAN PHARMACEUTICALS (ESPAGNE),1,V03AF03
67557120,,1,Rupture de stock,rupture,2014-08-01,2026-04-14,,https://ansm.sante.fr/disponibilites-des-produits-de-sante/medicaments/claventin-3g-200-mg-et-5g-200-mg-poudre-pour-solution-injectable-i-v-ticarcilline-sodique-acide-clavulanique,"CLAVENTIN 5 g/200 mg, poudre pour solution injectable (I.V.)",LABORATOIRES DELBERT,0,
67563415,,4,Remise à disposition,remise_a_disposition,2026-08-05,2026-08-05,2026-08-05,https://ansm.sante.fr/disponibilites-des-produits-de-sante/medicaments/burinex-1-mg-et-5-mg-comprime-bumetanide,"BURINEX 5 mg, comprimé",KARO PHARMA (SUEDE),1,C03CA02
67567399,,2,Tension d'approvisionnement,tension,2024-09-16,2025-05-27,,https://ansm.sante.fr/disponibilites-des-produits-de-sante/medicaments/quetiapine-lp-xeroquel-lp-50-mg-300-mg-et-400-mg-comprime-a-liberation-prolongee-quetiapine-fumarate-de,"QUETIAPINE SUN LP 300 mg, comprimé à libération prolongée",SUN PHARMA FRANCE,0,
67567958,,2,Tension d'approvisionnement,tension,2024-09-16,2025-05-27,,https://ansm.sante.fr/disponibilites-des-produits-de-sante/medicaments/quetiapine-lp-xeroquel-lp-50-mg-300-mg-et-400-mg-comprime-a-liberation-prolongee-quetiapine-fumarate-de,"QUETIAPINE SANDOZ LP 50 mg, comprimé à libération prolongée",SANDOZ,1,N05AH04
67579483,,1,Rupture de stock,rupture,2025-04-04,2025-04-23,,https://ansm.sante.fr/disponibilites-des-produits-de-sante/medicaments/sectral-lp-500-mg-comprime-pellicule-a-liberation-prolongee-acebutolol-chlorhydrate-d,"SECTRAL LP 500 mg, comprimé pelliculé à libération prolongée",CHEPLAPHARM ARZNEIMITTEL (ALLEMAGNE),1,C07AB04
67613291,,2,Tension d'approvisionnement,tension,2025-10-01,2026-05-22,,https://ansm.sante.fr/disponibilites-des-produits-de-sante/medicaments/izalgi-500-mg-25-mg-gelule-opium-poudre-d-paracetamol,"IZALGI 500 mg/25 mg, gélule",VIATRIS MEDICAL,1,N02BE51
67619892,,4,Remise à disposition,remise_a_disposition,2026-08-03,2026-08-17,2026-08-03,https://ansm.sante.fr/disponibilites-des-produits-de-sante/medicaments/repevax-suspension-injectable-en-seringue-preremplie-vaccin-diphterique-tetanique-coquelucheux-acellulaire-multicompose-et-poliomyelitique-inactive-adsorbe-a-teneur-reduite-en-antigene-s-1,"REPEVAX, suspension injectable en seringue préremplie. Vaccin diphtérique, tétanique, coquelucheux (acellulaire, multicomposé) et poliomyélitique (inactivé), (adsorbé, à teneur réduite en antigène(s))",SANOFI WINTHROP INDUSTRIE,1,J07CA02
67624035,,2,Tension d'approvisionnement,tension,2025-04-04,2026-07-16,,https://ansm.sante.fr/disponibilites-des-produits-de-sante/medicaments/wilfactin-100-ui-ml-poudre-et-solvant-pour-solution-injectable-facteur-willebrand-de-coagulation-humain,"WILFACTIN 100 UI/mL, poudre et solvant pour solution injectable",LFB-BIOMEDICAMENTS,1,B02BD10
67627533,,2,Tension d'approvisionnement,tension,2023-10-06,2023-02-01,,https://ansm.sante.fr/disponibilites-des-produits-de-sante/medicaments/montelukast-comprime-5-mg-et-10-mg-montelukast-sodique,"MONTELUKAST ARROW LAB 10 mg, comprimé pelliculé",ARROW GENERIQUES,1,R03DC03
67633493,,2,Tension d'approvisionnement,tension,2023-10-06,2023-02-01,,https://ansm.sante.fr/disponibilites-des-produits-de-sante/medicaments/montelukast-comprime-5-mg-et-10-mg-montelukast-sodique,"MONTELUKAST ZENTIVA 10 mg, comprimé pelliculé",ZENTIVA FRANCE,1,R03DC03
67644397,,2,Tension d'approvisionnement,tension,2025-05-01,2025-10-28,,https://ansm.sante.fr/disponibilites-des-produits-de-sante/medicaments/gamme-neorecormon-solution-injectable-en-seringue-preremplie-epoetine-beta,"NEORECORMON 5000 UI, solution injectable en seringue préremplie",ROCHE REGISTRATION (ALLEMAGNE),1,B03XA01
67658315,,4,Remise à disposition,remise_a_disposition,2026-09-01,2026-09-02,2026-09-01,https://ansm.sante.fr/disponibilites-des-produits-de-sante/medicaments/divalcote-500-mg-comprime-gastro-resistant-valproate-semisodique,"DIVALCOTE 500 mg, comprimé gastro-résistant",VIATRIS SANTE,1,N03AG01
67672560,,2,Tension d'approvisionnement,tension,2024-08-19,2026-03-05,,https://ansm.sante.fr/disponibilites-des-produits-de-sante/medicaments/methylprednisolone-viatris-40-mg-poudre-pour-solution-injectable-im-iv-methylprednisolone-hydrogenosuccinate-de,"METHYLPREDNISOLONE VIATRIS 40 mg, poudre pour solution injectable (IM-IV)",VIATRIS SANTE,1,H02AB04
67688899,,2,Tension d'approvisionnement,tension,2026-03-16,2026-08-13,,https://ansm.sante.fr/disponibilites-des-produits-de-sante/medicaments/nitrendipine-viatris-10-mg-comprime-et-nitrendipine-viatris-20-mg-comprime-secable-nitrendipine,"NITRENDIPINE VIATRIS 10 mg, comprimé",VIATRIS SANTE,1,C08CA08
67699269,,2,Tension d'approvisionnement,tension,2026-08-05,2026-08-06,,https://ansm.sante.fr/disponibilites-des-produits-de-sante/medicaments/ansatipine-150-mg-gelule-2-rifabutine,"ANSATIPINE 150 mg, gélule",SERB,1,J04AB04
67701122,,2,Tension d'approvisionnement,tension,2024-09-16,2025-05-27,,https://ansm.sante.fr/disponibilites-des-produits-de-sante/medicaments/quetiapine-lp-xeroquel-lp-50-mg-300-mg-et-400-mg-comprime-a-liberation-prolongee-quetiapine-fumarate-de,"QUETIAPINE KRKA LP 50 mg, comprimé à libération prolongée",KRKA (SLOVENIE),1,N05AH04
67730914,,3,Arrêt de commercialisation,arret_commercialisation,2023-11-01,2026-03-05,,https://ansm.sante.fr/disponibilites-des-produits-de-sante/medicaments/soludactone-100-mg-et-200-mg-lyophilisat-et-solution-pour-usage-parenteral-canrenoate-de-potassium-trometamol,"SOLUDACTONE 200 mg, lyophilisat et solution pour usage parentéral",PFIZER HOLDING FRANCE,0,
67762538,,4,Remise à disposition,remise_a_disposition,2026-03-26,2026-03-26,2026-03-26,https://ansm.sante.fr/disponibilites-des-produits-de-sante/medicaments/lenalidomide-mylan-gelule-lenalidomide,"LENALIDOMIDE MYLAN 7,5 mg, gélule",MYLAN PHARMACEUTICALS (IRLANDE),1,L04AX04
67798274,,1,Rupture de stock,rupture,2025-03-28,2025-07-31,,https://ansm.sante.fr/disponibilites-des-produits-de-sante/medicaments/ludiomil-25-et-75-mg-comprime-pellicule-maprotiline-chlorhydrate-de,"LUDIOMIL 75 mg, comprimé pelliculé",AMDIPHARM,1,N06AA21
67839212,,2,Tension d'approvisionnement,tension,2026-09-02,2026-09-04,,https://ansm.sante.fr/disponibilites-des-produits-de-sante/medicaments/specialites-a-base-de-fluoxetine-20-mg-en-gelule-et-en-comprime-dispersible-secable-fluoxetine,"FLUOXETINE CRISTERS 20 mg, comprimé dispersible sécable",CRISTERS,1,N06AB03
67844330,,4,Remise à disposition,remise_a_disposition,2026-06-16,2026-06-17,2026-06-16,https://ansm.sante.fr/disponibilites-des-produits-de-sante/medicaments/methylphenidate-viatris-lp-comprime-a-liberation-prolongee-methylphenidate-chlorhydrate-de,"METHYLPHENIDATE VIATRIS LP 54 mg, comprimé à libération prolongée",VIATRIS SANTE,1,N06BA04
67876901,3400930915004,4,Remise à disposition,remise_a_disposition,2026-07-20,2026-08-11,2026-07-20,https://ansm.sante.fr/disponibilites-des-produits-de-sante/medicaments/rifadine-300-mg-gelule-boites-de-30-et-de-8-gelules-rifampicine,"RIFADINE 300 mg, gélule",SANOFI WINTHROP INDUSTRIE,1,J04AB02
67876901,3400930915172,4,Remise à disposition,remise_a_disposition,2026-07-20,2026-08-11,2026-07-20,https://ansm.sante.fr/disponibilites-des-produits-de-sante/medicaments/rifadine-300-mg-gelule-boites-de-30-et-de-8-gelules-rifampicine,"RIFADINE 300 mg, gélule",SANOFI WINTHROP INDUSTRIE,1,J04AB02
67885003,,2,Tension d'approvisionnement,tension,2026-10-05,2026-09-18,,https://ansm.sante.fr/disponibilites-des-produits-de-sante/medicaments/duloxetine-30-mg-et-60-mg-gelules-gastro-resistantes-duloxetine-chlorhydrate-de,"DULOXETINE ZENTIVA 30 mg, gélule gastro-résistante",ZENTIVA (REPUBLIQUE TCHEQUE),1,N06AX21
67894931,,2,Tension d'approvisionnement,tension,2021-04-01,2025-12-08,,https://ansm.sante.fr/disponibilites-des-produits-de-sante/medicaments/immunoglobuline-humaine-normale-iv-et-sc-a-base-de-immunoglobuline-humaine-normale-igg,"XEMBIFY 200 mg/mL, solution injectable sous-cutanée",INSTITUTO GRIFOLS,1,J06BA01
67917554,,2,Tension d'approvisionnement,tension,2023-10-06,2023-02-01,,https://ansm.sante.fr/disponibilites-des-produits-de-sante/medicaments/montelukast-comprime-5-mg-et-10-mg-montelukast-sodique,"MONTELUKAST CRISTERS PHARMA 10 mg, comprimé pelliculé",SUN PHARMA FRANCE,1,R03DC03
67951898,,1,Rupture de stock,rupture,2014-08-01,2026-04-14,,https://ansm.sante.fr/disponibilites-des-produits-de-sante/medicaments/claventin-3g-200-mg-et-5g-200-mg-poudre-pour-solution-injectable-i-v-ticarcilline-sodique-acide-clavulanique,"CLAVENTIN 3 g/200 mg, poudre pour solution injectable (I.V.)",LABORATOIRES DELBERT,0,
67954061,,2,Tension d'approvisionnement,tension,2025-11-27,2026-06-17,,https://ansm.sante.fr/disponibilites-des-produits-de-sante/medicaments/specialites-a-base-de-propranolol-40-mg-comprime-chlorhydrate-de-propranolol,"PROPRANOLOL TEVA 40 mg, comprimé sécable",TEVA SANTE,1,C07AA05
67954061,,2,Tension d'approvisionnement,tension,2025-11-27,2026-06-17,,https://ansm.sante.fr/disponibilites-des-produits-de-sante/medicaments/specialites-a-base-de-propranolol-40-mg-comprime-chlorhydrate-de-propranolol,"PROPRANOLOL TEVA 40 mg, comprimé sécable",TEVA SANTE,1,C07AA05
67961885,,1,Rupture de stock,rupture,2023-10-27,2026-09-25,,https://ansm.sante.fr/disponibilites-des-produits-de-sante/medicaments/malocide-50-mg-comprime-pellicule-pyrimethamine,"MALOCIDE 50 mg, comprimé",SANOFI WINTHROP INDUSTRIE,1,P01BD01
67971897,,2,Tension d'approvisionnement,tension,2024-09-12,2025-03-27,,https://ansm.sante.fr/disponibilites-des-produits-de-sante/medicaments/clopidogrel-75-mg-comprime-pellicule-clopidogrel-hydrogenosulfate-de,"CLOPIDOGREL ACCORD 75 mg, comprimé pelliculé",ACCORD HEALTHCARE FRANCE,1,B01AC04
67972497,,2,Tension d'approvisionnement,tension,2022-04-11,2025-05-09,,https://ansm.sante.fr/disponibilites-des-produits-de-sante/medicaments/baqsimi-3-mg-poudre-nasale-en-recipient-unidose-glucagon,"BAQSIMI 3 mg, poudre nasale en récipient unidose",AMPHASTAR FRANCE PHARMACEUTICALS,1,H04AA01
67986283,,4,Remise à disposition,remise_a_disposition,2026-03-31,2026-04-02,2026-03-31,https://ansm.sante.fr/disponibilites-des-produits-de-sante/medicaments/pulmocis-2-mg-trousse-pour-preparation-radiopharmaceutique-albumine-humaine-plasmatique-macroagregats-d,"PULMOCIS 2 mg, trousse pour préparation radiopharmaceutique",CIS BIO INTERNATIONAL,1,V09EB01
68005178,,4,Remise à disposition,remise_a_disposition,2026-04-01,2026-05-05,2026-04-01,https://ansm.sante.fr/disponibilites-des-produits-de-sante/medicaments/sibnayal-8-meq-granules-a-liberation-prolongee-potassium-bicarbonate-de-potassium-citrate-de,"SIBNAYAL 8 mEq, granulés à libération prolongée",ADVICENNE,0,
68009803,,2,Tension d'approvisionnement,tension,2026-09-01,2026-09-28,,https://ansm.sante.fr/disponibilites-des-produits-de-sante/medicaments/specialites-a-base-de-furosemide-20-mg-et-40-mg-en-comprimes-furosemide,"FUROSEMIDE ARROW 20 mg, comprimé sécable",ARROW GENERIQUES,1,C03CA01
68014323,,2,Tension d'approvisionnement,tension,2024-09-25,2024-10-01,,https://ansm.sante.fr/disponibilites-des-produits-de-sante/medicaments/ropinirole-lp-2-mg-4-mg-et-8-mg-comprime-pellicule-ropinirole-chlorhydrate-de,"ROPINIROLE ARROW LP 2 mg, comprimé pelliculé à libération prolongée",ARROW GENERIQUES,1,N04BC04
68016452,,3,Arrêt de commercialisation,arret_commercialisation,2018-03-26,2026-08-05,,https://ansm.sante.fr/disponibilites-des-produits-de-sante/medicaments/alyostal-venin-de-guepe-polistes-110-microgrammes-et-550-microgrammes-poudre-et-solvant-pour-solution-injectable-guepe-polistes-venin-de,,,0,
68022576,,2,Tension d'approvisionnement,tension,2022-08-17,2024-12-06,,https://ansm.sante.fr/disponibilites-des-produits-de-sante/medicaments/cinacalcet-30-mg-60-mg-et-90-mg-comprime-pellicule-cinacalcet-chlorhydrate-de,"CINACALCET ACCORDPHARMA 30 mg, comprimé pelliculé",ACCORD HEALTHCARE (ESPAGNE),0,
68065346,,4,Remise à disposition,remise_a_disposition,2026-06-10,2026-06-10,2026-06-10,https://ansm.sante.fr/disponibilites-des-produits-de-sante/medicaments/methylphenidate-eg-lp-36-mg-et-54-mg-comprime-a-liberation-prolongee-methylphenidate-chlorhydrate-de,"METHYLPHENIDATE EG LP 36 mg, comprimé à libération prolongée",EG LABO - LABORATOIRES EUROGENERICS,0,
68066715,,2,Tension d'approvisionnement,tension,2024-11-25,2026-06-30,,https://ansm.sante.fr/disponibilites-des-produits-de-sante/medicaments/colchicine-opocalcium-1-mg-comprime-secable-colchicine-opium-poudre-d-tiemonium-metilsulfate-de,"COLCHICINE OPOCALCIUM 1 mg, comprimé sécable",LABORATOIRES MAYOLY SPINDLER,1,M04AC01
68069647,,2,Tension d'approvisionnement,tension,2023-10-06,2023-02-01,,https://ansm.sante.fr/disponibilites-des-produits-de-sante/medicaments/montelukast-comprime-5-mg-et-10-mg-montelukast-sodique,"SINGULAIR 10 mg, comprimé pelliculé",DIFARMED (ESPAGNE),0,
68077576,,2,Tension d'approvisionnement,tension,2023-10-06,2023-02-01,,https://ansm.sante.fr/disponibilites-des-produits-de-sante/medicaments/montelukast-comprime-5-mg-et-10-mg-montelukast-sodique,"MONTELUKAST ACCORD HEALTHCARE 10 mg, comprimé pelliculé",ACCORD HEALTHCARE FRANCE,1,R03DC03
68104411,,1,Rupture de stock,rupture,2026-01-26,2026-08-25,,https://ansm.sante.fr/disponibilites-des-produits-de-sante/medicaments/victan-2-mg-comprime-pellicule-secable-loflazepate-dethyle,"VICTAN 2 mg, comprimé pelliculé sécable",NEURAXPHARM FRANCE,1,N05BA18
68106914,,2,Tension d'approvisionnement,tension,2025-03-05,2026-08-10,,https://ansm.sante.fr/disponibilites-des-produits-de-sante/medicaments/dexocol-1-mg-ml-collyre-en-solution-dexamethasone-phosphate-sodique-de,"DEXOCOL 1 mg/mL, collyre en solution",HORUS PHARMA,1,S01BA01
68126062,,2,Tension d'approvisionnement,tension,2026-03-16,2026-08-13,,https://ansm.sante.fr/disponibilites-des-produits-de-sante/medicaments/nitrendipine-viatris-10-mg-comprime-et-nitrendipine-viatris-20-mg-comprime-secable-nitrendipine,"NITRENDIPINE VIATRIS 20 mg, comprimé sécable",VIATRIS SANTE,1,C08CA08
68147829,,2,Tension d'approvisionnement,tension,2026-06-05,2026-09-07,,https://ansm.sante.fr/disponibilites-des-produits-de-sante/medicaments/clindamycine-600-mg-4ml-solution-injectable-clindamycine-phosphate-de,"CLINDAMYCINE KALCEKS 600 mg/4 mL, solution injectable/pour perfusion",AS KALCEKS (LETTONIE),0,
68163833,,2,Tension d'approvisionnement,tension,2026-04-22,2026-09-18,,https://ansm.sante.fr/disponibilites-des-produits-de-sante/medicaments/diprostene-suspension-injectable-en-seringue-pre-remplie-betamethasone-dipropionate-de-betamethasone-phosphate-sodique-de,"DIPROSTENE, suspension injectable en seringue pré-remplie",ORGANON FRANCE,1,H02AB01
68181404,,2,Tension d'approvisionnement,tension,2025-03-20,2026-04-13,,https://ansm.sante.fr/disponibilites-des-produits-de-sante/medicaments/specialites-a-base-de-venlafaxine-lp-37-5-mg-et-lp-75-mg-en-gelule-a-liberation-prolongee-venlafaxine,"VENLAFAXINE TEVA SANTE L.P. 75 mg, gélule à libération prolongée",TEVA SANTE,1,N06AX16
68198108,,2,Tension d'approvisionnement,tension,2024-09-16,2025-05-27,,https://ansm.sante.fr/disponibilites-des-produits-de-sante/medicaments/quetiapine-lp-xeroquel-lp-50-mg-300-mg-et-400-mg-comprime-a-liberation-prolongee-quetiapine-fumarate-de,"QUETIAPINE VIATRIS LP 300 mg, comprimé à libération prolongée",VIATRIS SANTE,1,N05AH04
68209070,,2,Tension d'approvisionnement,tension,2024-09-25,2024-10-01,,https://ansm.sante.fr/disponibilites-des-produits-de-sante/medicaments/ropinirole-lp-2-mg-4-mg-et-8-mg-comprime-pellicule-ropinirole-chlorhydrate-de,"REQUIP 2 mg, comprimé pelliculé",GLAXOSMITHKLINE,1,N04BC04
68232635,,4,Remise à disposition,remise_a_disposition,2026-08-05,2026-08-05,2026-08-05,https://ansm.sante.fr/disponibilites-des-produits-de-sante/medicaments/burinex-1-mg-et-5-mg-comprime-bumetanide,"BURINEX 1 mg, comprimé",KARO PHARMA (SUEDE),1,C03CA02
68296221,,4,Remise à disposition,remise_a_disposition,2026-06-16,2026-06-17,2026-06-16,https://ansm.sante.fr/disponibilites-des-produits-de-sante/medicaments/methylphenidate-viatris-lp-comprime-a-liberation-prolongee-methylphenidate-chlorhydrate-de,"METHYLPHENIDATE VIATRIS LP 18 mg, comprimé à libération prolongée",VIATRIS SANTE,1,N06BA04
68311278,,2,Tension d'approvisionnement,tension,2026-07-21,2026-10-01,,https://ansm.sante.fr/disponibilites-des-produits-de-sante/medicaments/linezolide-600-mg-comprime-pellicule-linezolide,"ZYVOXID 600 mg, comprimé pelliculé",PFIZER HOLDING FRANCE,1,J01XX08
68315675,,2,Tension d'approvisionnement,tension,2022-08-17,2024-12-06,,https://ansm.sante.fr/disponibilites-des-produits-de-sante/medicaments/cinacalcet-30-mg-60-mg-et-90-mg-comprime-pellicule-cinacalcet-chlorhydrate-de,"CINACALCET EG 60 mg, comprimé pelliculé",EG LABO - LABORATOIRES EUROGENERICS,1,H05BX01
68371574,,2,Tension d'approvisionnement,tension,2026-05-06,2026-10-05,,https://ansm.sante.fr/disponibilites-des-produits-de-sante/medicaments/ambrisentan-volibris-tous-dosages-ambrisentan,"AMBRISENTAN TEVA 5 mg, comprimé pelliculé",TEVA (PAYS-BAS),1,C02KX02
68378405,,2,Tension d'approvisionnement,tension,2026-03-25,2026-07-20,,https://ansm.sante.fr/disponibilites-des-produits-de-sante/medicaments/toujeo-300-unites-ml-solostar-solution-injectable-en-stylo-prerempli-insuline-glargine-bacterie-escherichia-coli,"TOUJEO 300 unités/ml SoloStar, solution injectable en stylo prérempli",SANOFI AVENTIS (ALLEMAGNE),1,A10AE04
68402767,,2,Tension d'approvisionnement,tension,2023-10-06,2023-07-17,,https://ansm.sante.fr/disponibilites-des-produits-de-sante/medicaments/specialites-a-base-de-roxithromycine-150-mg-comprime-pellicule-roxithromycine,"ROXITHROMYCINE ZENTIVA 150 mg, comprimé pelliculé",ZENTIVA FRANCE,1,J01FA06
68412722,,2,Tension d'approvisionnement,tension,2025-03-20,2026-04-13,,https://ansm.sante.fr/disponibilites-des-produits-de-sante/medicaments/specialites-a-base-de-venlafaxine-lp-37-5-mg-et-lp-75-mg-en-gelule-a-liberation-prolongee-venlafaxine,"VENLAFAXINE KRKA L.P. 75 mg, gélule à libération prolongée",KRKA (SLOVENIE),1,N06AX16
68417826,,2,Tension d'approvisionnement,tension,2026-09-02,2026-09-04,,https://ansm.sante.fr/disponibilites-des-produits-de-sante/medicaments/specialites-a-base-de-fluoxetine-20-mg-en-gelule-et-en-comprime-dispersible-secable-fluoxetine,"FLUOXETINE EG 20 mg, gélule",EG LABO - LABORATOIRES EUROGENERICS,1,N06AB03
68427877,,4,Remise à disposition,remise_a_disposition,2026-09-01,2026-09-01,2026-09-01,https://ansm.sante.fr/disponibilites-des-produits-de-sante/medicaments/zeffix-5-mg-ml-solution-buvable-lamivudine,"ZEFFIX 5 mg/ml, solution buvable",GLAXOSMITHKLINE TRADING SERVICES (IRLANDE),1,J05AF05
68430688,,4,Remise à disposition,remise_a_disposition,2026-09-08,2026-09-09,2026-09-08,https://ansm.sante.fr/disponibilites-des-produits-de-sante/medicaments/tadalafil-quiver-20-mg-comprime-pellicule-tadalafil,"TADALAFIL QUIVER 20 mg, comprimé pelliculé",ARROW GENERIQUES,1,G04BE08
68436082,,2,Tension d'approvisionnement,tension,2024-09-16,2025-05-27,,https://ansm.sante.fr/disponibilites-des-produits-de-sante/medicaments/quetiapine-lp-xeroquel-lp-50-mg-300-mg-et-400-mg-comprime-a-liberation-prolongee-quetiapine-fumarate-de,"QUETIAPINE ARROW LAB LP 400 mg, comprimé à libération prolongée",ARROW GENERIQUES,1,N05AH04
68437921,,2,Tension d'approvisionnement,tension,2024-09-12,2025-03-27,,https://ansm.sante.fr/disponibilites-des-produits-de-sante/medicaments/clopidogrel-75-mg-comprime-pellicule-clopidogrel-hydrogenosulfate-de,"CLOPIDOGREL ALMUS PHARMA 75 mg, comprimé pelliculé",ALMUS FRANCE,1,B01AC04
68496649,,2,Tension d'approvisionnement,tension,2026-06-18,2026-06-24,,https://ansm.sante.fr/disponibilites-des-produits-de-sante/medicaments/quasym-l-p-gelule-a-liberation-modifiee-methylphenidate-1,"QUASYM L.P. 20 mg, gélule à libération modifiée",TAKEDA PHARMACEUTICALS INTERNATIONAL (IRLANDE),1,N06BA04
68499606,,2,Tension d'approvisionnement,tension,2026-05-06,2026-10-05,,https://ansm.sante.fr/disponibilites-des-produits-de-sante/medicaments/ambrisentan-volibris-tous-dosages-ambrisentan,"VOLIBRIS 5 mg, comprimés pelliculés",GLAXOSMITHKLINE TRADING SERVICES (IRLANDE),1,C02KX02
68501338,,2,Tension d'approvisionnement,tension,2025-11-26,2026-04-01,,https://ansm.sante.fr/disponibilites-des-produits-de-sante/medicaments/fivasa-400-mg-comprime-enrobe-gastroresistant-mesalazine,"FIVASA 400 mg, comprimé enrobé gastrorésistant",TILLOTTS PHARMA (ALLEMAGNE),1,A07EC02
68501345,,4,Remise à disposition,remise_a_disposition,2026-08-24,2026-08-24,2026-08-24,https://ansm.sante.fr/disponibilites-des-produits-de-sante/medicaments/methylphenidate-eg-lp-18-mg-et-36-mg-comprime-a-liberation-prolongee-methylphenidate-chlorhydrate-de,"METHYLPHENIDATE EG LP 18 mg, comprimé à libération prolongée",EG LABO - LABORATOIRES EUROGENERICS,0,
68502148,,2,Tension d'approvisionnement,tension,2024-03-22,2025-01-15,,https://ansm.sante.fr/disponibilites-des-produits-de-sante/medicaments/amikacine-viatris-250-mg-500-mg-et-1g-poudre-pour-solution-injectable-en-flacon-amikacine-sulfate-d,"AMIKACINE VIATRIS 500 mg, poudre pour solution injectable",VIATRIS SANTE,1,J01GB06
68503549,3400936576865,2,Tension d'approvisionnement,tension,2025-12-23,2026-09-07,,https://ansm.sante.fr/disponibilites-des-produits-de-sante/medicaments/chlorhydrate-doxybuprocaine-thea-1-6-mg-0-4-ml-collyre-en-recipient-unidose-boites-de-20-unidoses-et-boites-de-100-unidoses-chlorhydrate-doxybuprocaine,"CHLORHYDRATE D'OXYBUPROCAINE THEA 1,6 mg/0,4 ml, collyre en récipient unidose",THEA,1,S01HA02
68503549,3400936576926,2,Tension d'approvisionnement,tension,2025-12-23,2026-09-07,,https://ansm.sante.fr/disponibilites-des-produits-de-sante/medicaments/chlorhydrate-doxybuprocaine-thea-1-6-mg-0-4-ml-collyre-en-recipient-unidose-boites-de-20-unidoses-et-boites-de-100-unidoses-chlorhydrate-doxybuprocaine,"CHLORHYDRATE D'OXYBUPROCAINE THEA 1,6 mg/0,4 ml, collyre en récipient unidose",THEA,1,S01HA02
68510337,,2,Tension d'approvisionnement,tension,2024-07-04,2026-06-18,,https://ansm.sante.fr/disponibilites-des-produits-de-sante/medicaments/trandolapril-2-mg-et-4-mg-trandolapril,"ODRIK 2 mg, gélule",VIATRIS MEDICAL,1,C09AA10
68516735,,2,Tension d'approvisionnement,tension,2024-07-23,2026-09-18,,https://ansm.sante.fr/disponibilites-des-produits-de-sante/medicaments/paliperidone-teva-suspension-injectable-a-liberation-prolongee-paliperidone,"PALIPERIDONE TEVA 150 mg, suspension injectable à libération prolongée",TEVA (PAYS-BAS),1,N05AX13
68519902,,2,Tension d'approvisionnement,tension,2024-09-12,2025-03-27,,https://ansm.sante.fr/disponibilites-des-produits-de-sante/medicaments/clopidogrel-75-mg-comprime-pellicule-clopidogrel-hydrogenosulfate-de,"CLOPIDOGREL ZENTIVA 75 mg, comprimé pelliculé",ZENTIVA (REPUBLIQUE TCHEQUE),1,B01AC04
68541172,,2,Tension d'approvisionnement,tension,2024-09-16,2025-05-27,,https://ansm.sante.fr/disponibilites-des-produits-de-sante/medicaments/quetiapine-lp-xeroquel-lp-50-mg-300-mg-et-400-mg-comprime-a-liberation-prolongee-quetiapine-fumarate-de,"QUETIAPINE ZENTIVA LP 400 mg, comprimé à libération prolongée",ZENTIVA FRANCE,1,N05AH04
68544663,,1,Rupture de stock,rupture,2026-02-13,2026-09-10,,https://ansm.sante.fr/disponibilites-des-produits-de-sante/medicaments/emblaveo-1-5-g-0-5-g-poudre-pour-solution-a-diluer-pour-perfusion-avibactam-sodique-aztreonam,"EMBLAVEO 1,5 g/0,5 g, poudre pour solution à diluer pour perfusion",PFIZER EUROPE MA EEIG (BELGIQUE),0,
68546714,,2,Tension d'approvisionnement,tension,2022-08-08,2026-09-08,,https://ansm.sante.fr/disponibilites-des-produits-de-sante/medicaments/folinate-de-calcium-10-mg-ml-solution-injectable-pour-perfusion-folinate-et-levofolinate-de-calcium,"FOLINATE DE CALCIUM ZENTIVA 5 mg/2 ml, solution injectable (IM,IV) en ampoule",ZENTIVA FRANCE,1,V03AF03
68557867,,4,Remise à disposition,remise_a_disposition,2026-05-20,2026-05-20,2026-05-20,https://ansm.sante.fr/disponibilites-des-produits-de-sante/medicaments/norfloxacine-eg-400-mg-comprime-pellicule-norfloxacine,"NORFLOXACINE EG 400 mg, comprimé pelliculé",EG LABO - LABORATOIRES EUROGENERICS,1,J01MA06
68572748,,4,Remise à disposition,remise_a_disposition,2026-05-18,2026-05-18,2026-05-18,https://ansm.sante.fr/disponibilites-des-produits-de-sante/medicaments/persantine-10-mg-2-ml-solution-injectable-ampoule-dipyridamole,"PERSANTINE 10 mg/2 mL, solution injectable, ampoule",GLENWOOD GMBH PHARMAZEUTISCHE ERZEUGNISSE,1,V04CX
68574699,,2,Tension d'approvisionnement,tension,2022-07-31,2026-09-11,,https://ansm.sante.fr/disponibilites-des-produits-de-sante/medicaments/tofranil-10-mg-comprime-enrobe-imipramine,"TOFRANIL 10 mg, comprimé enrobé",AMDIPHARM,1,N06AA02
68604982,,2,Tension d'approvisionnement,tension,2026-05-18,2026-05-21,,https://ansm.sante.fr/disponibilites-des-produits-de-sante/medicaments/acide-acetylsalicylique-75-mg-comprime-gastro-resistant-acide-acetylsalicylique,"RESITUNE 75 mg, comprimé gastro-résistant",PFIZER HOLDING FRANCE,1,B01AC06
68634071,,2,Tension d'approvisionnement,tension,2026-07-23,2026-08-13,,https://ansm.sante.fr/disponibilites-des-produits-de-sante/medicaments/levofolinate-de-calcium-zentiva-10-mg-ml-et-25-mg-2-5-ml-solution-injectable-im-iv-calcium-levofolinate-de-hydrate,"LEVOFOLINATE DE CALCIUM ZENTIVA 25 mg/2,5 ml, solution injectable (IM/IV)",ZENTIVA FRANCE,1,V03AF04
68644101,,2,Tension d'approvisionnement,tension,2026-07-03,2026-07-17,,https://ansm.sante.fr/disponibilites-des-produits-de-sante/medicaments/tranxene-20-mg-gelule-clorazepate-dipotassique,"TRANXENE 20 mg, gélule",NEURAXPHARM FRANCE,1,N05BA05
68705771,,2,Tension d'approvisionnement,tension,2026-10-08,2026-09-18,,https://ansm.sante.fr/disponibilites-des-produits-de-sante/medicaments/duloxetine-30-mg-et-60-mg-gelules-gastro-resistantes-duloxetine-chlorhydrate-de,,,0,
68716209,,2,Tension d'approvisionnement,tension,2024-07-18,2026-10-02,,https://ansm.sante.fr/disponibilites-des-produits-de-sante/medicaments/xeplion-suspension-injectable-a-liberation-prolongee-paliperidone,"XEPLION 25 mg, suspension injectable à libération prolongée",JANSSEN CILAG INTERNATIONAL NV,1,N05AX13
68721786,,2,Tension d'approvisionnement,tension,2026-05-06,2026-10-05,,https://ansm.sante.fr/disponibilites-des-produits-de-sante/medicaments/ambrisentan-volibris-tous-dosages-ambrisentan,"AMBRISENTAN ACCORD 5 mg, comprimé pelliculé",ACCORD HEALTHCARE FRANCE,1,C02KX02
68731823,,4,Remise à disposition,remise_a_disposition,2026-04-01,2026-04-09,2026-04-01,https://ansm.sante.fr/disponibilites-des-produits-de-sante/medicaments/scopoderm-tts-1-mg-72-heures-dispositif-transdermique-scopolamine,"SCOPODERM TTS 1 mg/72 heures, dispositif transdermique",DIFARMED (ESPAGNE),0,
68738262,,2,Tension d'approvisionnement,tension,2026-09-12,2026-09-18,,https://ansm.sante.fr/disponibilites-des-produits-de-sante/medicaments/duloxetine-30-mg-et-60-mg-gelules-gastro-resistantes-duloxetine-chlorhydrate-de,"DULOXETINE EVOLUGEN 60 mg, gélule gastro-résistante",EVOLUPHARM,1,N06AX21
68774283,,2,Tension d'approvisionnement,tension,2024-09-16,2025-05-27,,https://ansm.sante.fr/disponibilites-des-produits-de-sante/medicaments/quetiapine-lp-xeroquel-lp-50-mg-300-mg-et-400-mg-comprime-a-liberation-prolongee-quetiapine-fumarate-de,"QUETIAPINE ZENTIVA LP 50 mg, comprimé à libération prolongée",ZENTIVA FRANCE,1,N05AH04
68787341,,2,Tension d'approvisionnement,tension,2022-08-08,2026-09-08,,https://ansm.sante.fr/disponibilites-des-produits-de-sante/medicaments/folinate-de-calcium-10-mg-ml-solution-injectable-pour-perfusion-folinate-et-levofolinate-de-calcium,"FOLINATE DE CALCIUM ZENTIVA 200 mg, lyophilisat pour usage parentéral",ZENTIVA FRANCE,1,V03AX
68788824,,2,Tension d'approvisionnement,tension,2024-07-03,2024-12-03,,https://ansm.sante.fr/disponibilites-des-produits-de-sante/medicaments/praluent-75-mg-150-mg-et-300-mg-solution-injectable-en-stylo-pre-rempli-alirocumab-mammifere-hamster-cellules-cho,"PRALUENT 150 mg, solution injectable en stylo prérempli",SANOFI WINTHROP INDUSTRIE,1,C10AX14
68791941,,2,Tension d'approvisionnement,tension,2026-09-02,2026-09-04,,https://ansm.sante.fr/disponibilites-des-produits-de-sante/medicaments/specialites-a-base-de-fluoxetine-20-mg-en-gelule-et-en-comprime-dispersible-secable-fluoxetine,"FLUOXETINE ZENTIVA 20 mg, comprimé dispersible sécable",ZENTIVA FRANCE,1,N06AB03
68802672,,2,Tension d'approvisionnement,tension,2022-08-08,2026-09-08,,https://ansm.sante.fr/disponibilites-des-produits-de-sante/medicaments/folinate-de-calcium-10-mg-ml-solution-injectable-pour-perfusion-folinate-et-levofolinate-de-calcium,"FOLINATE DE CALCIUM KALCEKS 10 mg/mL, solution injectable/pour perfusion",KALCEKS (LETTONIE),0,
68832758,,2,Tension d'approvisionnement,tension,2025-03-20,2026-04-13,,https://ansm.sante.fr/disponibilites-des-produits-de-sante/medicaments/specialites-a-base-de-venlafaxine-lp-37-5-mg-et-lp-75-mg-en-gelule-a-liberation-prolongee-venlafaxine,"VENLAFAXINE ZYDUS FRANCE LP 75 mg, gélule à libération prolongée",ZYDUS FRANCE,1,N06AX16
68837972,,2,Tension d'approvisionnement,tension,2025-07-04,2026-07-20,,https://ansm.sante.fr/disponibilites-des-produits-de-sante/medicaments/clomipramine-viatris-25-mg-comprime-pellicule-clomipramine-chlorhydrate-de,"CLOMIPRAMINE VIATRIS 25 mg, comprimé pelliculé",VIATRIS SANTE,1,N06AA04
68843886,,2,Tension d'approvisionnement,tension,2024-09-16,2025-05-27,,https://ansm.sante.fr/disponibilites-des-produits-de-sante/medicaments/quetiapine-lp-xeroquel-lp-50-mg-300-mg-et-400-mg-comprime-a-liberation-prolongee-quetiapine-fumarate-de,"QUETIAPINE TEVA LP 50 mg, comprimé à libération prolongée",TEVA SANTE,1,N05AH04
68875332,,2,Tension d'approvisionnement,tension,2026-08-20,2026-09-02,,https://ansm.sante.fr/disponibilites-des-produits-de-sante/medicaments/velbe-10-mg-poudre-pour-solution-injectable-i-v-vinblastine-sulfate-de,"VELBE 10 mg, poudre pour solution injectable I.V.",EG LABO - LABORATOIRES EUROGENERICS,1,L01CA01
68878549,,1,Rupture de stock,rupture,2025-05-12,2026-01-07,,https://ansm.sante.fr/disponibilites-des-produits-de-sante/medicaments/risperidone-l-p-25-mg-2-ml-37-5-mg-2-ml-et-50-mg-2-ml-poudre-et-solvant-pour-suspension-injectable-a-liberation-prolongee-en-seringue-preremplie-risperidone,"RISPERDALCONSTA L.P. 25 mg/2 ml, poudre et solvant pour suspension injectable à libération prolongée en seringue préremplie",JANSSEN CILAG,1,N05AX08
68879708,,1,Rupture de stock,rupture,2025-10-20,2026-08-27,,https://ansm.sante.fr/disponibilites-des-produits-de-sante/medicaments/eskazole-400-mg-comprime-albendazole,"ESKAZOLE 400 mg, comprimé",GLAXOSMITHKLINE,1,P02CA03
68901873,,1,Rupture de stock,rupture,2025-05-12,2026-01-07,,https://ansm.sante.fr/disponibilites-des-produits-de-sante/medicaments/risperidone-l-p-25-mg-2-ml-37-5-mg-2-ml-et-50-mg-2-ml-poudre-et-solvant-pour-suspension-injectable-a-liberation-prolongee-en-seringue-preremplie-risperidone,"RISPERDALCONSTA L.P. 37,5 mg/2 ml, poudre et solvant pour suspension injectable à libération prolongée en seringue préremplie",JANSSEN CILAG,1,N05AX08
68950817,,2,Tension d'approvisionnement,tension,2023-10-06,2023-02-01,,https://ansm.sante.fr/disponibilites-des-produits-de-sante/medicaments/montelukast-comprime-5-mg-et-10-mg-montelukast-sodique,"MONTELUKAST BGR 5 mg, comprimé à croquer",BIOGARAN,1,R03DC03
68951171,,1,Rupture de stock,rupture,2023-10-06,2022-08-09,,https://ansm.sante.fr/disponibilites-des-produits-de-sante/medicaments/actosolv-100-000-ui-et-600-000-ui-poudre-pour-solution-injectable-pour-perfusion-urokinase,"ACTOSOLV 100 000 UI, poudre pour solution injectable/pour perfusion",EUMEDICA PHARMACEUTICALS (ALLEMAGNE),0,
68956396,,1,Rupture de stock,rupture,2026-04-24,2026-04-24,,https://ansm.sante.fr/disponibilites-des-produits-de-sante/medicaments/mitomycine-accord-10-mg-poudre-pour-solution-injectable-perfusion-ou-voie-intravesicale-mitomycine,"MITOMYCINE ACCORD 10 mg, poudre pour solution injectable / perfusion ou voie intravésicale",ACCORD HEALTHCARE FRANCE,1,L01DC03
68967396,,2,Tension d'approvisionnement,tension,2024-09-16,2025-05-27,,https://ansm.sante.fr/disponibilites-des-produits-de-sante/medicaments/quetiapine-lp-xeroquel-lp-50-mg-300-mg-et-400-mg-comprime-a-liberation-prolongee-quetiapine-fumarate-de,"QUETIAPINE SANDOZ LP 400 mg, comprimé à libération prolongée",SANDOZ,1,N05AH04
68973004,,3,Arrêt de commercialisation,arret_commercialisation,2025-06-30,2026-01-30,,https://ansm.sante.fr/disponibilites-des-produits-de-sante/medicaments/vitamine-a-dulcis-25-000-u-i-pour-100-g-pommade-ophtalmique-concentrat-de-vitamine-a-synthetique-forme-huileuse,"VITAMINE A DULCIS 25 000 U.I. POUR 100 g, pommade ophtalmique",ABBVIE,0,
69000764,3400933935436,2,Tension d'approvisionnement,tension,2026-09-15,2026-09-15,,https://ansm.sante.fr/disponibilites-des-produits-de-sante/medicaments/kytril-3-mg-3-ml-solution-injectable-1-ampoule-s-en-verre-de-3-ml-granisetron-chlorhydrate-de,"KYTRIL 3 mg/3 ml, solution injectable",ATNAHS PHARMA NETHERLANDS (PAYS-BAS),1,A04AA02
69011006,,2,Tension d'approvisionnement,tension,2024-09-25,2024-10-01,,https://ansm.sante.fr/disponibilites-des-produits-de-sante/medicaments/ropinirole-lp-2-mg-4-mg-et-8-mg-comprime-pellicule-ropinirole-chlorhydrate-de,"ROPINIROLE BIOGARAN LP 4 mg, comprimé pelliculé à libération prolongée",BIOGARAN,1,N04BC04
69020635,,2,Tension d'approvisionnement,tension,2026-10-03,2026-09-18,,https://ansm.sante.fr/disponibilites-des-produits-de-sante/medicaments/duloxetine-30-mg-et-60-mg-gelules-gastro-resistantes-duloxetine-chlorhydrate-de,"DULOXETINE ZYDUS 30 mg, gélule gastro-résistante",ZYDUS FRANCE,1,N06AX21
69054687,,2,Tension d'approvisionnement,tension,2024-09-16,2025-05-27,,https://ansm.sante.fr/disponibilites-des-produits-de-sante/medicaments/quetiapine-lp-xeroquel-lp-50-mg-300-mg-et-400-mg-comprime-a-liberation-prolongee-quetiapine-fumarate-de,"QUETIAPINE VIATRIS LP 50 mg, comprimé à libération prolongée",VIATRIS SANTE,1,N05AH04
69056275,,2,Tension d'approvisionnement,tension,2022-08-17,2024-12-06,,https://ansm.sante.fr/disponibilites-des-produits-de-sante/medicaments/cinacalcet-30-mg-60-mg-et-90-mg-comprime-pellicule-cinacalcet-chlorhydrate-de,"CINACALCET BIOGARAN 90 mg, comprimé pelliculé",BIOGARAN,1,H05BX01
69077294,,2,Tension d'approvisionnement,tension,2026-02-20,2026-02-26,,https://ansm.sante.fr/disponibilites-des-produits-de-sante/medicaments/plasmion-solution-pour-perfusion-gelatine-fluide-modifiee-partiellement-hydrolysee-et-succinylee,"PLASMION, solution pour perfusion",FRESENIUS KABI FRANCE,1,B05AA06
69103839,,2,Tension d'approvisionnement,tension,2025-03-20,2026-04-13,,https://ansm.sante.fr/disponibilites-des-produits-de-sante/medicaments/specialites-a-base-de-venlafaxine-lp-37-5-mg-et-lp-75-mg-en-gelule-a-liberation-prolongee-venlafaxine,,,0,
69148236,,2,Tension d'approvisionnement,tension,2026-09-01,2026-09-28,,https://ansm.sante.fr/disponibilites-des-produits-de-sante/medicaments/specialites-a-base-de-furosemide-20-mg-et-40-mg-en-comprimes-furosemide,"FUROSEMIDE ZENTIVA 40 mg, comprimé sécable",ZENTIVA FRANCE,1,C03CA01
69158091,,2,Tension d'approvisionnement,tension,2025-05-16,2026-07-07,,https://ansm.sante.fr/disponibilites-des-produits-de-sante/medicaments/micropakine-l-p-500-mg-granules-a-liberation-prolongee-en-sachet-dose-acide-valproique-sodium-valproate-de,"MICROPAKINE L.P. 500 mg, granulés à libération prolongée en sachet-dose",SANOFI WINTHROP INDUSTRIE,1,N03AG01
69170784,,2,Tension d'approvisionnement,tension,2026-09-01,2026-09-28,,https://ansm.sante.fr/disponibilites-des-produits-de-sante/medicaments/specialites-a-base-de-furosemide-20-mg-et-40-mg-en-comprimes-furosemide,"FUROSEMIDE VIATRIS 40 mg, comprimé sécable",VIATRIS SANTE,1,C03CA01
69174658,,2,Tension d'approvisionnement,tension,2021-04-01,2025-12-08,,https://ansm.sante.fr/disponibilites-des-produits-de-sante/medicaments/immunoglobuline-humaine-normale-iv-et-sc-a-base-de-immunoglobuline-humaine-normale-igg,"TEGELINE 50 mg/mL, poudre et solvant pour solution pour perfusion",LFB-BIOMEDICAMENTS,1,J06BA02
69176399,,2,Tension d'approvisionnement,tension,2026-03-17,2026-07-24,,https://ansm.sante.fr/disponibilites-des-produits-de-sante/medicaments/bosentan-125-mg-comprime-pellicule-bosentan-monohydrate,"BOSENTAN VIATRIS 125 mg, comprimé pelliculé",VIATRIS SANTE,1,C02KX01
69201849,,4,Remise à disposition,remise_a_disposition,2026-06-09,2026-06-11,2026-06-09,https://ansm.sante.fr/disponibilites-des-produits-de-sante/medicaments/varivax-poudre-et-solvant-pour-suspension-injectable-en-seringue-preremplie-vaccin-varicelleux-vivant-virus-de-la-varicelle-souche-oka-vivant-attenue-mammiferes-humain-cellules-diploides-mrc-5,"VARIVAX, poudre et solvant pour suspension injectable en seringue préremplie. Vaccin varicelleux (vivant)",MSD FRANCE,1,J07BK01
69203202,,2,Tension d'approvisionnement,tension,2025-02-04,2026-06-16,,https://ansm.sante.fr/disponibilites-des-produits-de-sante/medicaments/risperidone-0-5-mg-1-mg-2-mg-et-4-mg-comprime-orodispersible-risperidone,"RISPERIDONE TEVA 0,5 mg, comprimé orodispersible",TEVA SANTE,1,N05AX08
69206159,,2,Tension d'approvisionnement,tension,2026-09-14,2026-09-18,,https://ansm.sante.fr/disponibilites-des-produits-de-sante/medicaments/duloxetine-30-mg-et-60-mg-gelules-gastro-resistantes-duloxetine-chlorhydrate-de,"DULOXETINE ARROW 60 mg, gélule gastro-résistante",ARROW GENERIQUES,1,N06AX21
69236138,,2,Tension d'approvisionnement,tension,2022-08-17,2024-12-06,,https://ansm.sante.fr/disponibilites-des-produits-de-sante/medicaments/cinacalcet-30-mg-60-mg-et-90-mg-comprime-pellicule-cinacalcet-chlorhydrate-de,"CINACALCET VIATRIS 60 mg, comprimé pelliculé",VIATRIS (IRLANDE),1,H05BX01
69240866,,2,Tension d'approvisionnement,tension,2024-09-25,2024-10-01,,https://ansm.sante.fr/disponibilites-des-produits-de-sante/medicaments/ropinirole-lp-2-mg-4-mg-et-8-mg-comprime-pellicule-ropinirole-chlorhydrate-de,"ROPINIROLE ZENTIVA LP 2 mg, comprimé pelliculé à libération prolongée",ZENTIVA FRANCE,1,N04BC04
69245055,,4,Remise à disposition,remise_a_disposition,2026-09-22,2026-09-22,2026-09-22,https://ansm.sante.fr/disponibilites-des-produits-de-sante/medicaments/natulan-50-mg-gelule-procarbazine-chlorhydrate-de,"NATULAN 50 mg, gélule",LEADIANT BIOSCIENCES IRELAND (IRLANDE),1,L01XB01
69255195,,2,Tension d'approvisionnement,tension,2023-10-06,2023-11-07,,https://ansm.sante.fr/disponibilites-des-produits-de-sante/medicaments/skiacol-0-5-pour-cent-collyre-cyclopentolate-chlorhydrate-de,"SKIACOL 0,5 POUR CENT, collyre",LABORATOIRES ALCON,1,S01FA04
69256226,,4,Remise à disposition,remise_a_disposition,2026-03-26,2026-03-26,2026-03-26,https://ansm.sante.fr/disponibilites-des-produits-de-sante/medicaments/lenalidomide-mylan-gelule-lenalidomide,"LENALIDOMIDE MYLAN 25 mg, gélule",MYLAN PHARMACEUTICALS (IRLANDE),1,L04AX04
69276403,,2,Tension d'approvisionnement,tension,2025-02-04,2026-06-16,,https://ansm.sante.fr/disponibilites-des-produits-de-sante/medicaments/risperidone-0-5-mg-1-mg-2-mg-et-4-mg-comprime-orodispersible-risperidone,"RISPERIDONE EG 2 mg, comprimé orodispersible",EG LABO - LABORATOIRES EUROGENERICS,1,N05AX08
69284777,,2,Tension d'approvisionnement,tension,2024-09-25,2024-10-01,,https://ansm.sante.fr/disponibilites-des-produits-de-sante/medicaments/ropinirole-lp-2-mg-4-mg-et-8-mg-comprime-pellicule-ropinirole-chlorhydrate-de,"ROPINIROLE ZENTIVA LP 8 mg, comprimé pelliculé à libération prolongée",ZENTIVA FRANCE,1,N04BC04
69320173,,2,Tension d'approvisionnement,tension,2024-11-02,2024-12-04,,https://ansm.sante.fr/disponibilites-des-produits-de-sante/medicaments/specialites-a-base-daprepitant-125-mg-80-mg-et-125-mg-80-mg-gelules-aprepitant,"APREPITANT ARROW 80 mg, gélule",ARROW GENERIQUES,1,A04AD12
69321040,3400957386382,1,Rupture de stock,rupture,2023-11-27,2025-06-17,,https://ansm.sante.fr/disponibilites-des-produits-de-sante/medicaments/kanokad-25-ui-ml-de-facteur-ix-poudre-et-solvant-pour-solution-injectable-flacon-de-250-ui-10-ml-et-de-500-ui-20-ml,"KANOKAD 25 UI/mL de facteur IX, poudre et solvant pour solution injectable",LFB-BIOMEDICAMENTS,0,
69321040,3400957386443,1,Rupture de stock,rupture,2023-11-27,2025-06-17,,https://ansm.sante.fr/disponibilites-des-produits-de-sante/medicaments/kanokad-25-ui-ml-de-facteur-ix-poudre-et-solvant-pour-solution-injectable-flacon-de-250-ui-10-ml-et-de-500-ui-20-ml,"KANOKAD 25 UI/mL de facteur IX, poudre et solvant pour solution injectable",LFB-BIOMEDICAMENTS,0,
69347028,,2,Tension d'approvisionnement,tension,2025-03-20,2026-04-13,,https://ansm.sante.fr/disponibilites-des-produits-de-sante/medicaments/specialites-a-base-de-venlafaxine-lp-37-5-mg-et-lp-75-mg-en-gelule-a-liberation-prolongee-venlafaxine,"VENLAFAXINE VIATRIS LP 75 mg, gélule à libération prolongée",VIATRIS SANTE,1,N06AX16
69347302,,2,Tension d'approvisionnement,tension,2026-09-16,2026-09-18,,https://ansm.sante.fr/disponibilites-des-produits-de-sante/medicaments/duloxetine-30-mg-et-60-mg-gelules-gastro-resistantes-duloxetine-chlorhydrate-de,"DULOXETINE TEVA 60 mg, gélule gastro-résistante",TEVA (PAYS-BAS),1,N06AX21
69361736,,2,Tension d'approvisionnement,tension,2021-04-01,2025-12-08,,https://ansm.sante.fr/disponibilites-des-produits-de-sante/medicaments/immunoglobuline-humaine-normale-iv-et-sc-a-base-de-immunoglobuline-humaine-normale-igg,"INTRATECT 100 g/L, solution pour perfusion",BIOTEST PHARMA (ALLEMAGNE),0,
69379595,,4,Remise à disposition,remise_a_disposition,2026-06-16,2026-06-17,2026-06-16,https://ansm.sante.fr/disponibilites-des-produits-de-sante/medicaments/methylphenidate-viatris-lp-comprime-a-liberation-prolongee-methylphenidate-chlorhydrate-de,"METHYLPHENIDATE VIATRIS LP 36 mg, comprimé à libération prolongée",VIATRIS SANTE,1,N06BA04
69389575,,1,Rupture de stock,rupture,2026-09-23,2026-10-05,,https://ansm.sante.fr/disponibilites-des-produits-de-sante/medicaments/plerixafor-arrow-20-mg-ml-solution-injectable-plerixafor,"PLERIXAFOR ARROW 20 mg/mL, solution injectable",EUGIA PHARMA (MALTA) (MALTE),0,
69392443,,2,Tension d'approvisionnement,tension,2026-09-01,2026-09-28,,https://ansm.sante.fr/disponibilites-des-produits-de-sante/medicaments/specialites-a-base-de-furosemide-20-mg-et-40-mg-en-comprimes-furosemide,"FUROSEMIDE EG 20 mg, comprimé sécable",EG LABO - LABORATOIRES EUROGENERICS,1,C03CA01
69407386,,2,Tension d'approvisionnement,tension,2026-09-24,2026-09-18,,https://ansm.sante.fr/disponibilites-des-produits-de-sante/medicaments/duloxetine-30-mg-et-60-mg-gelules-gastro-resistantes-duloxetine-chlorhydrate-de,"DULOXETINE BIOGARAN 30 mg, gélule gastro-résistante",BIOGARAN,1,N06AX21
69427168,,2,Tension d'approvisionnement,tension,2025-03-20,2026-04-13,,https://ansm.sante.fr/disponibilites-des-produits-de-sante/medicaments/specialites-a-base-de-venlafaxine-lp-37-5-mg-et-lp-75-mg-en-gelule-a-liberation-prolongee-venlafaxine,"VENLAFAXINE BIOGARAN LP 37,5 mg, gélule à libération prolongée",BIOGARAN,1,N06AX16
69436263,,4,Remise à disposition,remise_a_disposition,2026-03-26,2026-03-26,2026-03-26,https://ansm.sante.fr/disponibilites-des-produits-de-sante/medicaments/lenalidomide-mylan-gelule-lenalidomide,"LENALIDOMIDE MYLAN 15 mg, gélule",MYLAN PHARMACEUTICALS (IRLANDE),1,L04AX04
69440571,,2,Tension d'approvisionnement,tension,2024-11-02,2024-12-04,,https://ansm.sante.fr/disponibilites-des-produits-de-sante/medicaments/specialites-a-base-daprepitant-125-mg-80-mg-et-125-mg-80-mg-gelules-aprepitant,"APREPITANT BIOGARAN 125 mg, gélule et APREPITANT BIOGARAN 80 mg, gélule",BIOGARAN,1,A04AD12
69481874,,2,Tension d'approvisionnement,tension,2026-09-02,2026-09-14,,https://ansm.sante.fr/disponibilites-des-produits-de-sante/medicaments/emylif-50-mg-film-orodispersible-riluzole,"EMYLIF 50 mg, film orodispersible",ZAMBON (ITALIE),1,N07XX02
69497711,,2,Tension d'approvisionnement,tension,2025-10-20,2026-07-21,,https://ansm.sante.fr/disponibilites-des-produits-de-sante/medicaments/fluoresceine-faure-0-5-collyre-en-solution-en-recipient-unidose-fluoresceine-sodique,"FLUORESCEINE FAURE 0,5 POUR CENT, collyre en solution en récipient unidose",SERB (BELGIQUE),1,S01JA01
69504052,,2,Tension d'approvisionnement,tension,2022-08-17,2024-12-06,,https://ansm.sante.fr/disponibilites-des-produits-de-sante/medicaments/cinacalcet-30-mg-60-mg-et-90-mg-comprime-pellicule-cinacalcet-chlorhydrate-de,"CINACALCET VIATRIS 90 mg, comprimé pelliculé",VIATRIS (IRLANDE),1,H05BX01
69512405,,4,Remise à disposition,remise_a_disposition,2026-03-17,2026-04-02,2026-03-17,https://ansm.sante.fr/disponibilites-des-produits-de-sante/medicaments/tolvaptan-biogaran-15-mg-comprime-tolvaptan-biogaran-45-mg-comprime-tolvaptan,"TOLVAPTAN BIOGARAN 15 mg, comprimé + TOLVAPTAN BIOGARAN 45 mg, comprimé",BIOGARAN,0,
69586327,,2,Tension d'approvisionnement,tension,2026-01-29,2026-04-07,,https://ansm.sante.fr/disponibilites-des-produits-de-sante/medicaments/endoxan-500-et-1000-mg-poudre-pour-solution-injectable-cyclophosphamide,"ENDOXAN 1000 mg, poudre pour solution injectable",BAXTER,1,L01AA01
69608841,,1,Rupture de stock,rupture,2025-03-14,2026-02-11,,https://ansm.sante.fr/disponibilites-des-produits-de-sante/medicaments/farmorubicine-10-mg-poudre-pour-solution-pour-perfusion-epirubicine-chlorhydrate-d,"FARMORUBICINE 10 mg, poudre pour solution pour perfusion",PFIZER HOLDING FRANCE,1,L01DB03
69612658,,2,Tension d'approvisionnement,tension,2024-09-16,2025-05-27,,https://ansm.sante.fr/disponibilites-des-produits-de-sante/medicaments/quetiapine-lp-xeroquel-lp-50-mg-300-mg-et-400-mg-comprime-a-liberation-prolongee-quetiapine-fumarate-de,"QUETIAPINE KRKA LP 400 mg, comprimé à libération prolongée",KRKA (SLOVENIE),1,N05AH04
69622218,,2,Tension d'approvisionnement,tension,2026-01-13,2026-07-24,,https://ansm.sante.fr/disponibilites-des-produits-de-sante/medicaments/holoxan-1000-mg-poudre-pour-solution-injectable-et-2000-mg-poudre-pour-usage-parenteral-ifosfamide,"HOLOXAN 2000 mg, poudre pour usage parentéral",BAXTER,1,L01AA06
69626437,,1,Rupture de stock,rupture,2025-05-22,2026-09-21,,https://ansm.sante.fr/disponibilites-des-produits-de-sante/medicaments/miochole-20-mg-poudre-et-solvant-pour-solution-intraoculaire-chlorure-dacetylcholine,"MIOCHOLE 20 mg, poudre et solvant pour solution intraoculaire",LABORATOIRE CHAUVIN,1,S01EB09
69636132,,2,Tension d'approvisionnement,tension,2024-04-22,2025-02-12,,https://ansm.sante.fr/disponibilites-des-produits-de-sante/medicaments/heparine-calcique-25-000-ui-ml-solution-injectable-en-seringue-pre-remplie-s-c-de-0-2-ml-et-0-3-ml-calciparine-5-000-ui-0-2-ml-et-7-500-ui-0-3-ml-solution-injectable-en-seringue-pre-remplie-s-c-heparine-calcique,"CALCIPARINE 5 000 UI/0,2 mL, solution injectable en seringue préremplie (sous cutanée)",CHEPLAPHARM ARZNEIMITTEL (ALLEMAGNE),1,B01AB01
69637743,,3,Arrêt de commercialisation,arret_commercialisation,2023-11-01,2026-03-05,,https://ansm.sante.fr/disponibilites-des-produits-de-sante/medicaments/soludactone-100-mg-et-200-mg-lyophilisat-et-solution-pour-usage-parenteral-canrenoate-de-potassium-trometamol,"SOLUDACTONE 100 mg, lyophilisat et solution pour usage parentéral",PFIZER HOLDING FRANCE,0,
69692800,,2,Tension d'approvisionnement,tension,2024-11-02,2024-12-04,,https://ansm.sante.fr/disponibilites-des-produits-de-sante/medicaments/specialites-a-base-daprepitant-125-mg-80-mg-et-125-mg-80-mg-gelules-aprepitant,"ATANTO 125 mg, gélule et ATANTO 80 mg, gélule",ZYDUS FRANCE,0,
69694541,,2,Tension d'approvisionnement,tension,2025-10-30,2025-10-31,,https://ansm.sante.fr/disponibilites-des-produits-de-sante/medicaments/pentasa-1-g-et-2-g-granules-en-sachet-et-pentasa-1-g-suppositoire-mesalazine,"PENTASA 1 g, suppositoire",FERRING (FRANCE),1,A07EC02
69713550,,4,Remise à disposition,remise_a_disposition,2026-07-16,2026-07-16,2026-07-16,https://ansm.sante.fr/disponibilites-des-produits-de-sante/medicaments/quinimax-500-mg-comprime-pellicule-secable-inchonidine-monochlorhydrate-de-monohydrate-cinchonine-chlorhydrate-de-dihydrate-quinidine-chlorhydrate-de-monohydrate-quinine-chlorhydrate-de,"QUINIMAX 500 mg, comprimé pelliculé sécable",SANOFI WINTHROP INDUSTRIE,1,P01BC
69718946,,2,Tension d'approvisionnement,tension,2022-08-08,2026-09-08,,https://ansm.sante.fr/disponibilites-des-produits-de-sante/medicaments/folinate-de-calcium-10-mg-ml-solution-injectable-pour-perfusion-folinate-et-levofolinate-de-calcium,"FOLINATE DE CALCIUM ZENTIVA 25 mg/10 ml, solution injectable (IM,IV) en ampoule",ZENTIVA FRANCE,1,V03AF03
69726341,,2,Tension d'approvisionnement,tension,2022-08-17,2024-12-06,,https://ansm.sante.fr/disponibilites-des-produits-de-sante/medicaments/cinacalcet-30-mg-60-mg-et-90-mg-comprime-pellicule-cinacalcet-chlorhydrate-de,"CINACALCET BIOGARAN 60 mg, comprimé pelliculé",BIOGARAN,1,H05BX01
69731801,,2,Tension d'approvisionnement,tension,2025-10-06,2026-07-09,,https://ansm.sante.fr/disponibilites-des-produits-de-sante/medicaments/zentel-400-mg-comprime-et-zentel-0-4-g-10-ml-suspension-buvable-albendazole,"ZENTEL 0,4 g/10 mL, suspension buvable",GLAXOSMITHKLINE,1,P02CA03
69742178,,2,Tension d'approvisionnement,tension,2026-09-02,2026-09-04,,https://ansm.sante.fr/disponibilites-des-produits-de-sante/medicaments/specialites-a-base-de-fluoxetine-20-mg-en-gelule-et-en-comprime-dispersible-secable-fluoxetine,"FLUOXETINE VIATRIS 20 mg, comprimé dispersible sécable",VIATRIS SANTE,1,N06AB03
69766567,,2,Tension d'approvisionnement,tension,2022-08-17,2024-12-06,,https://ansm.sante.fr/disponibilites-des-produits-de-sante/medicaments/cinacalcet-30-mg-60-mg-et-90-mg-comprime-pellicule-cinacalcet-chlorhydrate-de,"CINACALCET ARROW 30 mg, comprimé pelliculé",ARROW GENERIQUES,1,H05BX01
69774343,,2,Tension d'approvisionnement,tension,2026-09-15,2026-09-17,,https://ansm.sante.fr/disponibilites-des-produits-de-sante/medicaments/solumedrol-120-mg-2-ml-lyophilisat-et-solution-pour-usage-parenteral-methylprednisolone-hemisuccinate-de,"SOLUMEDROL 120 mg/2 mL, lyophilisat et solution pour usage parentéral",PFIZER HOLDING FRANCE,1,H02AB04
69831050,,2,Tension d'approvisionnement,tension,2022-08-17,2024-12-06,,https://ansm.sante.fr/disponibilites-des-produits-de-sante/medicaments/cinacalcet-30-mg-60-mg-et-90-mg-comprime-pellicule-cinacalcet-chlorhydrate-de,"CINACALCET ZENTIVA 30 mg, comprimé pelliculé",ZENTIVA FRANCE,1,H05BX01
69863646,,2,Tension d'approvisionnement,tension,2023-10-06,2023-02-01,,https://ansm.sante.fr/disponibilites-des-produits-de-sante/medicaments/montelukast-comprime-5-mg-et-10-mg-montelukast-sodique,"SINGULAIR 10 mg, comprimé pelliculé",ORGANON FRANCE,1,R03DC03
69913330,,2,Tension d'approvisionnement,tension,2026-06-05,2026-09-07,,https://ansm.sante.fr/disponibilites-des-produits-de-sante/medicaments/clindamycine-600-mg-4ml-solution-injectable-clindamycine-phosphate-de,"DALACINE 600 mg, solution injectable",PFIZER HOLDING FRANCE,1,J01FF01
69940007,,2,Tension d'approvisionnement,tension,2026-09-01,2026-09-28,,https://ansm.sante.fr/disponibilites-des-produits-de-sante/medicaments/specialites-a-base-de-furosemide-20-mg-et-40-mg-en-comprimes-furosemide,"FUROSEMIDE SANDOZ 20 mg, comprimé sécable",SANDOZ,1,C03CA01
69984085,,2,Tension d'approvisionnement,tension,2024-09-22,2024-10-16,,https://ansm.sante.fr/disponibilites-des-produits-de-sante/medicaments/atropine-1-collyre-atropine-sulfate,"ATROPINE ALCON 1 POUR CENT, collyre",LABORATOIRES ALCON,1,S01FA01
